Date(UTC),OrderNo,Pair,Type,Order Price,Order Amount,AvgTrading Price,Filled,Total,status
2022-12-24 23:41:08,16733630641,BTCUSDT,SELL,0.0,0.00625,16846.78968,0.00625,105.2924355,Filled
,Date(UTC),Trading Price,Filled,Total,Fee,,,,
,2022-12-24 23:41:08,16847.00,0.00063,10.61361000,0.00000000BNB,,,,
,2022-12-24 23:41:08,16846.80,0.00078,13.14050400,0.00000000BNB,,,,
,2022-12-24 23:41:08,16846.80,0.00103,17.35220400,0.00000000BNB,,,,
,2022-12-24 23:41:08,16846.75,0.00381,64.18611750,0.00000000BNB,,,,
2022-12-24 23:35:27,16733552466,BTCUSDT,BUY,0.0,0.00625,16838.77,0.00625,105.2423125,Filled
,Date(UTC),Trading Price,Filled,Total,Fee,,,,
,2022-12-24 23:35:27,16838.77,0.00625,105.24231250,0.00000000BNB,,,,
2022-12-24 23:18:58,16733311668,BTCUSDT,SELL,0.0,0.00625,16844.15,0.00625,105.2759375,Filled
,Date(UTC),Trading Price,Filled,Total,Fee,,,,
,2022-12-24 23:18:58,16844.15,0.00625,105.27593750,0.00000000BNB,,,,
2022-12-24 23:04:25,16733096964,BTCUSDT,BUY,0.0,0.00625,16817.762816,0.00625,105.1110176,Filled
,Date(UTC),Trading Price,Filled,Total,Fee,,,,
,2022-12-24 23:04:25,16817.73,0.00161,27.07654530,0.00000000BNB,,,,
,2022-12-24 23:04:25,16817.77,0.00269,45.23980130,0.00000000BNB,,,,
,2022-12-24 23:04:25,16817.78,0.00195,32.79467100,0.00000000BNB,,,,
2022-12-24 20:27:06,16731171759,BTCUSDT,SELL,0.0,0.00624,16840.47,0.00624,105.0845328,Filled
,Date(UTC),Trading Price,Filled,Total,Fee,,,,
,2022-12-24 20:27:06,16840.47,0.00624,105.08453280,0.00000000BNB,,,,
2022-12-24 20:04:53,16730909862,BTCUSDT,BUY,0.0,0.00625,16842.44,0.00625,105.26525,Filled
,Date(UTC),Trading Price,Filled,Total,Fee,,,,
,2022-12-24 20:04:53,16842.44,0.00625,105.26525000,0.00000000BNB,,,,
2022-12-24 18:34:59,16729744420,BTCUSDT,SELL,0.0,0.00625,16836.22,0.00625,105.226375,Filled
,Date(UTC),Trading Price,Filled,Total,Fee,,,,
,2022-12-24 18:34:59,16836.22,0.00625,105.22637500,0.00000000BNB,,,,
2022-12-24 18:29:21,16729675692,BTCUSDT,BUY,0.0,0.00624,16836.06,0.00624,105.0570144,Filled
,Date(UTC),Trading Price,Filled,Total,Fee,,,,
,2022-12-24 18:29:21,16836.06,0.00624,105.05701440,0.00000000BNB,,,,
2022-12-24 17:00:43,16728572378,BTCUSDT,SELL,0.0,0.00624,16837.8380609,0.00624,105.0681095,Filled
,Date(UTC),Trading Price,Filled,Total,Fee,,,,
,2022-12-24 17:00:43,16837.89,0.00161,27.10900290,0.00000000BNB,,,,
,2022-12-24 17:00:43,16837.82,0.00463,77.95910660,0.00000000BNB,,,,
2022-12-24 16:58:22,16728544213,BTCUSDT,BUY,0.0,0.00625,16837.256224,0.00625,105.2328514,Filled
,Date(UTC),Trading Price,Filled,Total,Fee,,,,
,2022-12-24 16:58:22,16837.24,0.00118,19.86794320,0.00000000BNB,,,,
,2022-12-24 16:58:22,16837.26,0.00507,85.36490820,0.00000000BNB,,,,
2022-12-24 14:13:11,16726491325,BTCUSDT,SELL,0.0,0.00626,16819.05,0.00626,105.287253,Filled
,Date(UTC),Trading Price,Filled,Total,Fee,,,,
,2022-12-24 14:13:11,16819.05,0.00626,105.28725300,0.00000000BNB,,,,
2022-12-24 13:43:17,16726103694,BTCUSDT,BUY,0.0,0.00625,16823.945328,0.00625,105.1496583,Filled
,Date(UTC),Trading Price,Filled,Total,Fee,,,,
,2022-12-24 13:43:17,16823.94,0.00588,98.92476720,0.00000000BNB,,,,
,2022-12-24 13:43:17,16824.03,0.00037,6.22489110,0.00000000BNB,,,,
2022-12-24 13:18:46,16725788001,BTCUSDT,SELL,0.0,0.00625,16826.79,0.00625,105.1674375,Filled
,Date(UTC),Trading Price,Filled,Total,Fee,,,,
,2022-12-24 13:18:46,16826.79,0.00625,105.16743750,0.00000000BNB,,,,
2022-12-24 13:01:01,16725579278,BTCUSDT,BUY,0.0,0.00626,16823.54207668,0.00626,105.3153734,Filled
,Date(UTC),Trading Price,Filled,Total,Fee,,,,
,2022-12-24 13:01:01,16823.53,0.00500,84.11765000,0.00000000BNB,,,,
,2022-12-24 13:01:01,16823.59,0.00126,21.19772340,0.00000000BNB,,,,
2022-12-24 12:43:14,16725346222,BTCUSDT,SELL,0.0,0.00626,16822.91,0.00626,105.3114166,Filled
,Date(UTC),Trading Price,Filled,Total,Fee,,,,
,2022-12-24 12:43:14,16822.91,0.00626,105.31141660,0.00000000BNB,,,,
2022-12-24 12:28:48,16725166412,BTCUSDT,BUY,0.0,0.00625,16823.02,0.00625,105.143875,Filled
,Date(UTC),Trading Price,Filled,Total,Fee,,,,
,2022-12-24 12:28:48,16823.02,0.00625,105.14387500,0.00000000BNB,,,,
2022-12-24 12:13:10,16724958473,BTCUSDT,SELL,0.0,0.00625,16831.3,0.00625,105.195625,Filled
,Date(UTC),Trading Price,Filled,Total,Fee,,,,
,2022-12-24 12:13:10,16831.30,0.00625,105.19562500,0.00000000BNB,,,,
2022-12-24 12:04:16,16724833122,BTCUSDT,BUY,0.0,0.00625,16824.609648,0.00625,105.1538103,Filled
,Date(UTC),Trading Price,Filled,Total,Fee,,,,
,2022-12-24 12:04:16,16824.60,0.00181,30.45252600,0.00000000BNB,,,,
,2022-12-24 12:04:16,16824.61,0.00327,55.01647470,0.00000000BNB,,,,
,2022-12-24 12:04:16,16824.61,0.00064,10.76775040,0.00000000BNB,,,,
,2022-12-24 12:04:16,16824.64,0.00053,8.91705920,0.00000000BNB,,,,
2022-12-24 11:26:39,16724323021,BTCUSDT,SELL,0.0,0.00624,16830.45,0.00624,105.022008,Filled
,Date(UTC),Trading Price,Filled,Total,Fee,,,,
,2022-12-24 11:26:39,16830.45,0.00624,105.02200800,0.00000000BNB,,,,
2022-12-24 11:24:19,16724285721,BTCUSDT,BUY,0.0,0.00625,16829.34,0.00625,105.183375,Filled
,Date(UTC),Trading Price,Filled,Total,Fee,,,,
,2022-12-24 11:24:19,16829.34,0.00625,105.18337500,0.00000000BNB,,,,
2022-12-24 11:10:03,16724111508,BTCUSDT,SELL,0.0,0.00625,16828.52648,0.00625,105.1782905,Filled
,Date(UTC),Trading Price,Filled,Total,Fee,,,,
,2022-12-24 11:10:03,16828.57,0.00489,82.29170730,0.00000000BNB,,,,
,2022-12-24 11:10:03,16828.37,0.00136,22.88658320,0.00000000BNB,,,,
2022-12-24 10:47:53,16723831965,BTCUSDT,BUY,0.0,0.00625,16831.31,0.00625,105.1956875,Filled
,Date(UTC),Trading Price,Filled,Total,Fee,,,,
,2022-12-24 10:47:53,16831.31,0.00625,105.19568750,0.00000000BNB,,,,
2022-12-24 09:46:55,16723074768,BTCUSDT,SELL,0.0,0.00625,16833.56,0.00625,105.20975,Filled
,Date(UTC),Trading Price,Filled,Total,Fee,,,,
,2022-12-24 09:46:55,16833.56,0.00625,105.20975000,0.00000000BNB,,,,
2022-12-24 09:40:09,16722995736,BTCUSDT,BUY,0.0,0.00624,16836.53,0.00624,105.0599472,Filled
,Date(UTC),Trading Price,Filled,Total,Fee,,,,
,2022-12-24 09:40:09,16836.53,0.00624,105.05994720,0.00000000BNB,,,,
2022-12-24 05:42:53,16719623868,BTCUSDT,SELL,0.0,0.00625,16818.63,0.00625,105.1164375,Filled
,Date(UTC),Trading Price,Filled,Total,Fee,,,,
,2022-12-24 05:42:53,16818.63,0.00625,105.11643750,0.00000000BNB,,,,
2022-12-24 05:37:14,16719539436,BTCUSDT,BUY,0.0,0.00626,16810.92,0.00626,105.2363592,Filled
,Date(UTC),Trading Price,Filled,Total,Fee,,,,
,2022-12-24 05:37:14,16810.92,0.00626,105.23635920,0.00000000BNB,,,,
2022-12-24 04:58:37,16718931126,BTCUSDT,SELL,0.0,0.00625,16827.93,0.00625,105.1745625,Filled
,Date(UTC),Trading Price,Filled,Total,Fee,,,,
,2022-12-24 04:58:37,16827.93,0.00625,105.17456250,0.00000000BNB,,,,
2022-12-24 04:47:22,16718790542,BTCUSDT,BUY,0.0,0.00624,16826.65926283,0.00624,104.9983538,Filled
,Date(UTC),Trading Price,Filled,Total,Fee,,,,
,2022-12-24 04:47:22,16826.61,0.00100,16.82661000,0.00000000BNB,,,,
,2022-12-24 04:47:22,16826.62,0.00099,16.65835380,0.00000000BNB,,,,
,2022-12-24 04:47:22,16826.68,0.00425,71.51339000,0.00000000BNB,,,,
2022-12-24 02:43:13,16717149866,BTCUSDT,SELL,0.0,0.00625,16818.33256,0.00625,105.1145785,Filled
,Date(UTC),Trading Price,Filled,Total,Fee,,,,
,2022-12-24 02:43:13,16818.34,0.00160,26.90934400,0.00000000BNB,,,,
,2022-12-24 02:43:13,16818.33,0.00465,78.20523450,0.00000000BNB,,,,
2022-12-24 02:37:49,16717084195,BTCUSDT,BUY,0.0,0.00625,16817.39,0.00625,105.1086875,Filled
,Date(UTC),Trading Price,Filled,Total,Fee,,,,
,2022-12-24 02:37:49,16817.39,0.00625,105.10868750,0.00000000BNB,,,,
2022-12-24 01:30:12,16716041027,BTCUSDT,SELL,0.0,0.00625,16813.88,0.00625,105.08675,Filled
,Date(UTC),Trading Price,Filled,Total,Fee,,,,
,2022-12-24 01:30:12,16813.88,0.00625,105.08675000,0.00000000BNB,,,,
2022-12-24 01:14:38,16715812272,BTCUSDT,BUY,0.0,0.00626,16805.61,0.00626,105.2031186,Filled
,Date(UTC),Trading Price,Filled,Total,Fee,,,,
,2022-12-24 01:14:38,16805.61,0.00626,105.20311860,0.00000000BNB,,,,
2022-12-23 23:57:01,16714814155,BTCUSDT,SELL,0.0,0.00627,16780.13,0.00627,105.2114151,Filled
,Date(UTC),Trading Price,Filled,Total,Fee,,,,
,2022-12-23 23:57:01,16780.13,0.00627,105.21141510,0.00000000BNB,,,,
2022-12-23 23:54:48,16714789750,BTCUSDT,BUY,0.0,0.00626,16780.49,0.00626,105.0458674,Filled
,Date(UTC),Trading Price,Filled,Total,Fee,,,,
,2022-12-23 23:54:48,16780.49,0.00626,105.04586740,0.00000000BNB,,,,
2022-12-23 23:53:41,16714772418,BTCUSDT,SELL,0.0,0.00626,16781.5,0.00626,105.05219,Filled
,Date(UTC),Trading Price,Filled,Total,Fee,,,,
,2022-12-23 23:53:41,16781.50,0.00626,105.05219000,0.00000000BNB,,,,
2022-12-23 23:42:36,16714640148,BTCUSDT,BUY,0.0,0.00626,16777.62,0.00626,105.0279012,Filled
,Date(UTC),Trading Price,Filled,Total,Fee,,,,
,2022-12-23 23:42:36,16777.62,0.00626,105.02790120,0.00000000BNB,,,,
2022-12-23 23:24:55,16714400016,BTCUSDT,SELL,0.0,0.00625,16789.19232,0.00625,104.932452,Filled
,Date(UTC),Trading Price,Filled,Total,Fee,,,,
,2022-12-23 23:24:55,16789.20,0.00145,24.34434000,0.00000000BNB,,,,
,2022-12-23 23:24:55,16789.19,0.00480,80.58811200,0.00000000BNB,,,,
2022-12-23 23:20:20,16714329137,BTCUSDT,BUY,0.0,0.00625,16786.5,0.00625,104.915625,Filled
,Date(UTC),Trading Price,Filled,Total,Fee,,,,
,2022-12-23 23:20:20,16786.50,0.00625,104.91562500,0.00000000BNB,,,,
2022-12-23 22:31:26,16713645158,BTCUSDT,SELL,0.0,0.00625,16793.64,0.00625,104.96025,Filled
,Date(UTC),Trading Price,Filled,Total,Fee,,,,
,2022-12-23 22:31:26,16793.64,0.00625,104.96025000,0.00000000BNB,,,,
2022-12-23 22:16:04,16713399841,BTCUSDT,BUY,0.0,0.00625,16784.33,0.00625,104.9020625,Filled
,Date(UTC),Trading Price,Filled,Total,Fee,,,,
,2022-12-23 22:16:04,16784.33,0.00625,104.90206250,0.00000000BNB,,,,
2022-12-23 21:02:54,16712401863,BTCUSDT,SELL,0.0,0.00624,16809.15,0.00624,104.889096,Filled
,Date(UTC),Trading Price,Filled,Total,Fee,,,,
,2022-12-23 21:02:54,16809.15,0.00624,104.88909600,0.00000000BNB,,,,
2022-12-23 20:29:38,16711769781,BTCUSDT,BUY,0.0,0.00625,16825.888304,0.00625,105.1618019,Filled
,Date(UTC),Trading Price,Filled,Total,Fee,,,,
,2022-12-23 20:29:38,16825.87,0.00224,37.68994880,0.00000000BNB,,,,
,2022-12-23 20:29:38,16825.87,0.00297,49.97283390,0.00000000BNB,,,,
,2022-12-23 20:29:38,16825.98,0.00104,17.49901920,0.00000000BNB,,,,
2022-12-23 20:04:10,16711354802,BTCUSDT,SELL,0.0,0.00624,16844.64,0.00624,105.1105536,Filled
,Date(UTC),Trading Price,Filled,Total,Fee,,,,
,2022-12-23 20:04:10,16844.64,0.00624,105.11055360,0.00000000BNB,,,,
2022-12-23 20:03:03,16711336285,BTCUSDT,BUY,0.0,0.00623,16847.87,0.00623,104.9622301,Filled
,Date(UTC),Trading Price,Filled,Total,Fee,,,,
,2022-12-23 20:03:03,16847.87,0.00623,104.96223010,0.00000000BNB,,,,
2022-12-23 19:49:43,16711167867,BTCUSDT,SELL,0.0,0.00623,16848.47401285,0.00623,104.9659931,Filled
,Date(UTC),Trading Price,Filled,Total,Fee,,,,
,2022-12-23 19:49:43,16848.48,0.00250,42.12120000,0.00000000BNB,,,,
,2022-12-23 19:49:43,16848.47,0.00373,62.84479310,0.00000000BNB,,,,
2022-12-23 19:47:21,16711134577,BTCUSDT,BUY,0.0,0.00623,16851.5052167,0.00623,104.9848775,Filled
,Date(UTC),Trading Price,Filled,Total,Fee,,,,
,2022-12-23 19:47:21,16851.50,0.00298,50.21747000,0.00000000BNB,,,,
,2022-12-23 19:47:21,16851.51,0.00055,9.26833050,0.00000000BNB,,,,
,2022-12-23 19:47:21,16851.51,0.00270,45.49907700,0.00000000BNB,,,,
2022-12-23 17:03:14,16708457249,BTCUSDT,SELL,0.0,0.00624,16833.59,0.00624,105.0416016,Filled
,Date(UTC),Trading Price,Filled,Total,Fee,,,,
,2022-12-23 17:03:14,16833.59,0.00624,105.04160160,0.00000000BNB,,,,
2022-12-23 16:53:16,16708274442,BTCUSDT,BUY,0.0,0.00624,16822.06365385,0.00624,104.9696772,Filled
,Date(UTC),Trading Price,Filled,Total,Fee,,,,
,2022-12-23 16:53:16,16821.93,0.00068,11.43891240,0.00000000BNB,,,,
,2022-12-23 16:53:16,16822.08,0.00556,93.53076480,0.00000000BNB,,,,
2022-12-23 16:14:18,16707474021,BTCUSDT,SELL,0.0,0.00623,16842.31,0.00623,104.9275913,Filled
,Date(UTC),Trading Price,Filled,Total,Fee,,,,
,2022-12-23 16:14:18,16842.31,0.00623,104.92759130,0.00000000BNB,,,,
2022-12-23 15:56:43,16707062222,BTCUSDT,BUY,0.0,0.00624,16841.94,0.00624,105.0937056,Filled
,Date(UTC),Trading Price,Filled,Total,Fee,,,,
,2022-12-23 15:56:43,16841.94,0.00624,105.09370560,0.00000000BNB,,,,
2022-12-23 13:50:13,16702911033,BTCUSDT,SELL,0.0,0.00623,16890.89,0.00623,105.2302447,Filled
,Date(UTC),Trading Price,Filled,Total,Fee,,,,
,2022-12-23 13:50:13,16890.89,0.00623,105.23024470,0.00000000BNB,,,,
2022-12-23 13:39:09,16702360558,BTCUSDT,BUY,0.0,0.00623,16865.32,0.00623,105.0709436,Filled
,Date(UTC),Trading Price,Filled,Total,Fee,,,,
,2022-12-23 13:39:09,16865.32,0.00623,105.07094360,0.00000000BNB,,,,
2022-12-23 12:27:06,16700599753,BTCUSDT,SELL,0.0,0.00623,16851.6569663,0.00623,104.9858229,Filled
,Date(UTC),Trading Price,Filled,Total,Fee,,,,
,2022-12-23 12:27:06,16851.72,0.00062,10.44806640,0.00000000BNB,,,,
,2022-12-23 12:27:06,16851.65,0.00561,94.53775650,0.00000000BNB,,,,
2022-12-23 12:04:52,16700257647,BTCUSDT,BUY,0.0,0.00623,16847.32,0.00623,104.9588036,Filled
,Date(UTC),Trading Price,Filled,Total,Fee,,,,
,2022-12-23 12:04:52,16847.32,0.00623,104.95880360,0.00000000BNB,,,,
2022-12-23 11:30:19,16699702479,BTCUSDT,SELL,0.0,0.00623,16848.64,0.00623,104.9670272,Filled
,Date(UTC),Trading Price,Filled,Total,Fee,,,,
,2022-12-23 11:30:19,16848.64,0.00623,104.96702720,0.00000000BNB,,,,
2022-12-23 11:14:56,16699450856,BTCUSDT,BUY,0.0,0.00622,16847.56,0.00622,104.7918232,Filled
,Date(UTC),Trading Price,Filled,Total,Fee,,,,
,2022-12-23 11:14:56,16847.56,0.00622,104.79182320,0.00000000BNB,,,,
2022-12-23 07:27:00,16695404533,BTCUSDT,SELL,0.0,0.00622,16850.26,0.00622,104.8086172,Filled
,Date(UTC),Trading Price,Filled,Total,Fee,,,,
,2022-12-23 07:27:00,16850.26,0.00622,104.80861720,0.00000000BNB,,,,
2022-12-23 07:26:09,16695387969,BTCUSDT,BUY,0.0,0.00623,16841.67,0.00623,104.9236041,Filled
,Date(UTC),Trading Price,Filled,Total,Fee,,,,
,2022-12-23 07:26:09,16841.67,0.00623,104.92360410,0.00000000BNB,,,,
2022-12-23 05:32:56,16693568935,BTCUSDT,SELL,0.0,0.00624,16824.52717949,0.00624,104.9850496,Filled
,Date(UTC),Trading Price,Filled,Total,Fee,,,,
,2022-12-23 05:32:56,16824.57,0.00002,0.33649140,0.00000000BNB,,,,
,2022-12-23 05:32:56,16824.57,0.00455,76.55179350,0.00000000BNB,,,,
,2022-12-23 05:32:56,16824.41,0.00167,28.09676470,0.00000000BNB,,,,
2022-12-23 05:20:44,16693382891,BTCUSDT,BUY,0.0,0.00623,16830.88,0.00623,104.8563824,Filled
,Date(UTC),Trading Price,Filled,Total,Fee,,,,
,2022-12-23 05:20:44,16830.88,0.00623,104.85638240,0.00000000BNB,,,,
2022-12-23 04:30:54,16692625105,BTCUSDT,SELL,0.0,0.00623,16823.11311397,0.00623,104.8079947,Filled
,Date(UTC),Trading Price,Filled,Total,Fee,,,,
,2022-12-23 04:30:54,16823.18,0.00160,26.91708800,0.00000000BNB,,,,
,2022-12-23 04:30:54,16823.09,0.00463,77.89090670,0.00000000BNB,,,,
2022-12-23 04:17:37,16692391505,BTCUSDT,BUY,0.0,0.00623,16816.85,0.00623,104.7689755,Filled
,Date(UTC),Trading Price,Filled,Total,Fee,,,,
,2022-12-23 04:17:37,16816.85,0.00623,104.76897550,0.00000000BNB,,,,
2022-12-23 02:28:57,16690188602,BTCUSDT,SELL,0.0,0.00624,16797.1274359,0.00624,104.8140752,Filled
,Date(UTC),Trading Price,Filled,Total,Fee,,,,
,2022-12-23 02:28:57,16797.16,0.00250,41.99290000,0.00000000BNB,,,,
,2022-12-23 02:28:57,16797.16,0.00100,16.79716000,0.00000000BNB,,,,
,2022-12-23 02:28:57,16797.09,0.00160,26.87534400,0.00000000BNB,,,,
,2022-12-23 02:28:57,16797.08,0.00114,19.14867120,0.00000000BNB,,,,
2022-12-23 02:14:25,16689956910,BTCUSDT,BUY,0.0,0.00624,16788.72,0.00624,104.7616128,Filled
,Date(UTC),Trading Price,Filled,Total,Fee,,,,
,2022-12-23 02:14:25,16788.72,0.00624,104.76161280,0.00000000BNB,,,,
2022-12-22 23:42:30,16687417453,BTCUSDT,SELL,0.0,0.00622,16827.27,0.00622,104.6656194,Filled
,Date(UTC),Trading Price,Filled,Total,Fee,,,,
,2022-12-22 23:42:30,16827.27,0.00622,104.66561940,0.00000000BNB,,,,
2022-12-22 23:33:46,16687257365,BTCUSDT,BUY,0.0,0.00622,16803.88,0.00622,104.5201336,Filled
,Date(UTC),Trading Price,Filled,Total,Fee,,,,
,2022-12-22 23:33:46,16803.88,0.00622,104.52013360,0.00000000BNB,,,,
2022-12-22 20:52:47,16684385872,BTCUSDT,SELL,0.0,0.00623,16782.16,0.00623,104.5528568,Filled
,Date(UTC),Trading Price,Filled,Total,Fee,,,,
,2022-12-22 20:52:47,16782.16,0.00623,104.55285680,0.00000000BNB,,,,
2022-12-22 20:42:45,16684050266,BTCUSDT,BUY,0.0,0.00623,16755.39,0.00623,104.3860797,Filled
,Date(UTC),Trading Price,Filled,Total,Fee,,,,
,2022-12-22 20:42:45,16755.39,0.00623,104.38607970,0.00000000BNB,,,,
2022-12-22 18:39:20,16680899892,BTCUSDT,SELL,0.0,0.00628,16607.14,0.00628,104.2928392,Filled
,Date(UTC),Trading Price,Filled,Total,Fee,,,,
,2022-12-22 18:39:20,16607.14,0.00628,104.29283920,0.00000000BNB,,,,
2022-12-22 18:31:39,16680746891,BTCUSDT,BUY,0.0,0.00629,16589.18,0.00629,104.3459422,Filled
,Date(UTC),Trading Price,Filled,Total,Fee,,,,
,2022-12-22 18:31:39,16589.18,0.00629,104.34594220,0.00000000BNB,,,,
2022-12-22 18:00:28,16680031219,BTCUSDT,SELL,0.0,0.0063,16580.73238096,0.0063,104.458614,Filled
,Date(UTC),Trading Price,Filled,Total,Fee,,,,
,2022-12-22 18:00:28,16581.23,0.00155,25.70090650,0.00000000BNB,,,,
,2022-12-22 18:00:28,16580.57,0.00475,78.75770750,0.00000000BNB,,,,
2022-12-22 17:40:36,16679428363,BTCUSDT,BUY,0.0,0.0063,16593.74,0.0063,104.540562,Filled
,Date(UTC),Trading Price,Filled,Total,Fee,,,,
,2022-12-22 17:40:36,16593.74,0.00630,104.54056200,0.00000000BNB,,,,
2022-12-22 16:09:43,16677274374,BTCUSDT,SELL,0.0,0.00628,16642.92998408,0.00628,104.5176003,Filled
,Date(UTC),Trading Price,Filled,Total,Fee,,,,
,2022-12-22 16:09:43,16643.16,0.00093,15.47813880,0.00000000BNB,,,,
,2022-12-22 16:09:43,16642.89,0.00535,89.03946150,0.00000000BNB,,,,
2022-12-22 15:37:26,16676404144,BTCUSDT,BUY,0.0,0.00627,16669.91657098,0.00627,104.5203769,Filled
,Date(UTC),Trading Price,Filled,Total,Fee,,,,
,2022-12-22 15:37:26,16669.89,0.00329,54.84393810,0.00000000BNB,,,,
,2022-12-22 15:37:26,16669.89,0.00060,10.00193400,0.00000000BNB,,,,
,2022-12-22 15:37:26,16669.96,0.00238,39.67450480,0.00000000BNB,,,,
2022-12-22 15:17:25,16675868029,BTCUSDT,SELL,0.0,0.00626,16690.95,0.00626,104.485347,Filled
,Date(UTC),Trading Price,Filled,Total,Fee,,,,
,2022-12-22 15:17:25,16690.95,0.00626,104.48534700,0.00000000BNB,,,,
2022-12-22 15:07:36,16675523526,BTCUSDT,BUY,0.0,0.00627,16668.05,0.00627,104.5086735,Filled
,Date(UTC),Trading Price,Filled,Total,Fee,,,,
,2022-12-22 15:07:36,16668.05,0.00500,83.34025000,0.00000000BNB,,,,
,2022-12-22 15:07:36,16668.05,0.00127,21.16842350,0.00000000BNB,,,,
2022-12-22 13:07:44,16671912059,BTCUSDT,SELL,0.0,0.00622,16804.51,0.00622,104.5240522,Filled
,Date(UTC),Trading Price,Filled,Total,Fee,,,,
,2022-12-22 13:07:44,16804.51,0.00622,104.52405220,0.00000000BNB,,,,
2022-12-22 13:05:22,16671854426,BTCUSDT,BUY,0.0,0.00621,16819.14,0.00621,104.4468594,Filled
,Date(UTC),Trading Price,Filled,Total,Fee,,,,
,2022-12-22 13:05:22,16819.14,0.00621,104.44685940,0.00000000BNB,,,,
2022-12-22 11:10:01,16669831978,BTCUSDT,SELL,0.0,0.00621,16827.6336393,0.00621,104.4996049,Filled
,Date(UTC),Trading Price,Filled,Total,Fee,,,,
,2022-12-22 11:10:01,16827.69,0.00271,45.60303990,0.00000000BNB,,,,
,2022-12-22 11:10:01,16827.59,0.00350,58.89656500,0.00000000BNB,,,,
2022-12-22 10:37:53,16669347274,BTCUSDT,BUY,0.0,0.00622,16831.89,0.00622,104.6943558,Filled
,Date(UTC),Trading Price,Filled,Total,Fee,,,,
,2022-12-22 10:37:53,16831.89,0.00622,104.69435580,0.00000000BNB,,,,
2022-12-22 07:18:03,16665562795,BTCUSDT,SELL,0.0,0.00623,16809.78,0.00623,104.7249294,Filled
,Date(UTC),Trading Price,Filled,Total,Fee,,,,
,2022-12-22 07:18:03,16809.78,0.00623,104.72492940,0.00000000BNB,,,,
2022-12-22 07:12:22,16665462666,BTCUSDT,BUY,0.0,0.00622,16796.24569132,0.00622,104.4726482,Filled
,Date(UTC),Trading Price,Filled,Total,Fee,,,,
,2022-12-22 07:12:22,16796.23,0.00500,83.98115000,0.00000000BNB,,,,
,2022-12-22 07:12:22,16796.31,0.00122,20.49149820,0.00000000BNB,,,,
2022-12-22 05:44:56,16663915732,BTCUSDT,SELL,0.0,0.0062,16829.53658065,0.0062,104.3431268,Filled
,Date(UTC),Trading Price,Filled,Total,Fee,,,,
,2022-12-22 05:44:56,16829.57,0.00263,44.26176910,0.00000000BNB,,,,
,2022-12-22 05:44:56,16829.52,0.00070,11.78066400,0.00000000BNB,,,,
,2022-12-22 05:44:56,16829.51,0.00101,16.99780510,0.00000000BNB,,,,
,2022-12-22 05:44:56,16829.51,0.00186,31.30288860,0.00000000BNB,,,,
2022-12-22 05:37:19,16663814208,BTCUSDT,BUY,0.0,0.0062,16825.21687097,0.0062,104.3163446,Filled
,Date(UTC),Trading Price,Filled,Total,Fee,,,,
,2022-12-22 05:37:19,16825.18,0.00239,40.21218020,0.00000000BNB,,,,
,2022-12-22 05:37:19,16825.24,0.00381,64.10416440,0.00000000BNB,,,,
2022-12-22 05:21:37,16663608007,BTCUSDT,SELL,0.0,0.0062,16833.35,0.0062,104.36677,Filled
,Date(UTC),Trading Price,Filled,Total,Fee,,,,
,2022-12-22 05:21:37,16833.35,0.00620,104.36677000,0.00000000BNB,,,,
2022-12-22 05:02:45,16663293373,BTCUSDT,BUY,0.0,0.00621,16829.69,0.00621,104.5123749,Filled
,Date(UTC),Trading Price,Filled,Total,Fee,,,,
,2022-12-22 05:02:45,16829.69,0.00621,104.51237490,0.00000000BNB,,,,
2022-12-22 03:58:16,16662263963,BTCUSDT,SELL,0.0,0.0062,16851.93,0.0062,104.481966,Filled
,Date(UTC),Trading Price,Filled,Total,Fee,,,,
,2022-12-22 03:58:16,16851.93,0.00620,104.48196600,0.00000000BNB,,,,
2022-12-22 03:43:59,16662048212,BTCUSDT,BUY,0.0,0.00619,16837.09,0.00619,104.2215871,Filled
,Date(UTC),Trading Price,Filled,Total,Fee,,,,
,2022-12-22 03:43:59,16837.09,0.00121,20.37287890,0.00000000BNB,,,,
,2022-12-22 03:43:59,16837.09,0.00498,83.84870820,0.00000000BNB,,,,
2022-12-22 01:43:06,16660169597,BTCUSDT,SELL,0.0,0.00619,16839.35221325,0.00619,104.2355902,Filled
,Date(UTC),Trading Price,Filled,Total,Fee,,,,
,2022-12-22 01:43:06,16839.44,0.00201,33.84727440,0.00000000BNB,,,,
,2022-12-22 01:43:06,16839.31,0.00418,70.38831580,0.00000000BNB,,,,
2022-12-22 01:36:21,16660071261,BTCUSDT,BUY,0.0,0.0062,16834.37,0.0062,104.373094,Filled
,Date(UTC),Trading Price,Filled,Total,Fee,,,,
,2022-12-22 01:36:21,16834.37,0.00620,104.37309400,0.00000000BNB,,,,
2022-12-22 01:28:40,16659954965,BTCUSDT,SELL,0.0,0.0062,16837.51,0.0062,104.392562,Filled
,Date(UTC),Trading Price,Filled,Total,Fee,,,,
,2022-12-22 01:28:40,16837.51,0.00620,104.39256200,0.00000000BNB,,,,
2022-12-22 01:23:07,16659878607,BTCUSDT,BUY,0.0,0.0062,16844.91,0.0062,104.438442,Filled
,Date(UTC),Trading Price,Filled,Total,Fee,,,,
,2022-12-22 01:23:07,16844.91,0.00620,104.43844200,0.00000000BNB,,,,
2022-12-21 23:03:31,16657370315,BTCUSDT,SELL,0.0,0.00623,16755.3210594,0.00623,104.3856502,Filled
,Date(UTC),Trading Price,Filled,Total,Fee,,,,
,2022-12-21 23:03:31,16755.49,0.00202,33.84608980,0.00000000BNB,,,,
,2022-12-21 23:03:31,16755.24,0.00421,70.53956040,0.00000000BNB,,,,
2022-12-21 23:02:16,16657340973,BTCUSDT,BUY,0.0,0.00622,16764.14,0.00622,104.2729508,Filled
,Date(UTC),Trading Price,Filled,Total,Fee,,,,
,2022-12-21 23:02:16,16764.14,0.00622,104.27295080,0.00000000BNB,,,,
2022-12-21 22:39:05,16657040382,BTCUSDT,SELL,0.0,0.00622,16771.62,0.00622,104.3194764,Filled
,Date(UTC),Trading Price,Filled,Total,Fee,,,,
,2022-12-21 22:39:05,16771.62,0.00622,104.31947640,0.00000000BNB,,,,
2022-12-21 22:31:11,16656939588,BTCUSDT,BUY,0.0,0.00622,16761.57,0.00622,104.2569654,Filled
,Date(UTC),Trading Price,Filled,Total,Fee,,,,
,2022-12-21 22:31:11,16761.57,0.00622,104.25696540,0.00000000BNB,,,,
2022-12-21 20:18:54,16654951674,BTCUSDT,SELL,0.0,0.00622,16761.86,0.00622,104.2587692,Filled
,Date(UTC),Trading Price,Filled,Total,Fee,,,,
,2022-12-21 20:18:54,16761.86,0.00622,104.25876920,0.00000000BNB,,,,
2022-12-21 20:06:42,16654718810,BTCUSDT,BUY,0.0,0.00622,16739.8,0.00622,104.121556,Filled
,Date(UTC),Trading Price,Filled,Total,Fee,,,,
,2022-12-21 20:06:42,16739.80,0.00622,104.12155600,0.00000000BNB,,,,
2022-12-21 18:34:36,16653038166,BTCUSDT,SELL,0.0,0.0062,16804.63269355,0.0062,104.1887227,Filled
,Date(UTC),Trading Price,Filled,Total,Fee,,,,
,2022-12-21 18:34:36,16804.67,0.00363,61.00095210,0.00000000BNB,,,,
,2022-12-21 18:34:36,16804.58,0.00257,43.18777060,0.00000000BNB,,,,
2022-12-21 18:23:38,16652866537,BTCUSDT,BUY,0.0,0.0062,16807.97,0.0062,104.209414,Filled
,Date(UTC),Trading Price,Filled,Total,Fee,,,,
,2022-12-21 18:23:38,16807.97,0.00620,104.20941400,0.00000000BNB,,,,
2022-12-21 17:13:38,16651641427,BTCUSDT,SELL,0.0,0.0062,16799.3,0.0062,104.15566,Filled
,Date(UTC),Trading Price,Filled,Total,Fee,,,,
,2022-12-21 17:13:38,16799.30,0.00620,104.15566000,0.00000000BNB,,,,
2022-12-21 16:22:27,16650466329,BTCUSDT,BUY,0.0,0.0062,16833.04,0.0062,104.364848,Filled
,Date(UTC),Trading Price,Filled,Total,Fee,,,,
,2022-12-21 16:22:27,16833.04,0.00382,64.30221280,0.00000000BNB,,,,
,2022-12-21 16:22:27,16833.04,0.00238,40.06263520,0.00000000BNB,,,,
2022-12-21 15:58:08,16649960166,BTCUSDT,SELL,0.0,0.00619,16848.93,0.00619,104.2948767,Filled
,Date(UTC),Trading Price,Filled,Total,Fee,,,,
,2022-12-21 15:58:08,16848.93,0.00619,104.29487670,0.00000000BNB,,,,
2022-12-21 15:56:59,16649941347,BTCUSDT,BUY,0.0,0.00619,16848.57256866,0.00619,104.2926642,Filled
,Date(UTC),Trading Price,Filled,Total,Fee,,,,
,2022-12-21 15:56:59,16848.57,0.00527,88.79196390,0.00000000BNB,,,,
,2022-12-21 15:56:59,16848.58,0.00025,4.21214500,0.00000000BNB,,,,
,2022-12-21 15:56:59,16848.59,0.00060,10.10915400,0.00000000BNB,,,,
,2022-12-21 15:56:59,16848.59,0.00007,1.17940130,0.00000000BNB,,,,
2022-12-21 11:38:29,16643846972,BTCUSDT,SELL,0.0,0.00619,16865.22,0.00619,104.3957118,Filled
,Date(UTC),Trading Price,Filled,Total,Fee,,,,
,2022-12-21 11:38:29,16865.22,0.00619,104.39571180,0.00000000BNB,,,,
2022-12-21 11:37:14,16643828060,BTCUSDT,BUY,0.0,0.00619,16865.7964782,0.00619,104.3992802,Filled
,Date(UTC),Trading Price,Filled,Total,Fee,,,,
,2022-12-21 11:37:14,16865.78,0.00109,18.38370020,0.00000000BNB,,,,
,2022-12-21 11:37:14,16865.80,0.00510,86.01558000,0.00000000BNB,,,,
2022-12-21 10:25:15,16642697527,BTCUSDT,SELL,0.0,0.00618,16879.65,0.00618,104.316237,Filled
,Date(UTC),Trading Price,Filled,Total,Fee,,,,
,2022-12-21 10:25:15,16879.65,0.00618,104.31623700,0.00000000BNB,,,,
2022-12-21 10:08:37,16642458563,BTCUSDT,BUY,0.0,0.00619,16867.49,0.00619,104.4097631,Filled
,Date(UTC),Trading Price,Filled,Total,Fee,,,,
,2022-12-21 10:08:37,16867.49,0.00619,104.40976310,0.00000000BNB,,,,
2022-12-21 09:39:46,16641965582,BTCUSDT,SELL,0.0,0.0062,16854.08483871,0.0062,104.495326,Filled
,Date(UTC),Trading Price,Filled,Total,Fee,,,,
,2022-12-21 09:39:46,16854.11,0.00100,16.85411000,0.00000000BNB,,,,
,2022-12-21 09:39:46,16854.08,0.00520,87.64121600,0.00000000BNB,,,,
2022-12-21 09:27:25,16641752726,BTCUSDT,BUY,0.0,0.0062,16858.24,0.0062,104.521088,Filled
,Date(UTC),Trading Price,Filled,Total,Fee,,,,
,2022-12-21 09:27:25,16858.24,0.00620,104.52108800,0.00000000BNB,,,,
2022-12-21 08:18:46,16640246417,BTCUSDT,SELL,0.0,0.00621,16813.12,0.00621,104.4094752,Filled
,Date(UTC),Trading Price,Filled,Total,Fee,,,,
,2022-12-21 08:18:46,16813.12,0.00621,104.40947520,0.00000000BNB,,,,
2022-12-21 08:07:40,16640040457,BTCUSDT,BUY,0.0,0.00621,16810.5,0.00621,104.393205,Filled
,Date(UTC),Trading Price,Filled,Total,Fee,,,,
,2022-12-21 08:07:40,16810.50,0.00621,104.39320500,0.00000000BNB,,,,
2022-12-21 07:10:02,16639139584,BTCUSDT,SELL,0.0,0.0062,16836.82,0.0062,104.388284,Filled
,Date(UTC),Trading Price,Filled,Total,Fee,,,,
,2022-12-21 07:10:02,16836.82,0.00620,104.38828400,0.00000000BNB,,,,
2022-12-21 06:56:44,16638898235,BTCUSDT,BUY,0.0,0.0062,16836.47,0.0062,104.386114,Filled
,Date(UTC),Trading Price,Filled,Total,Fee,,,,
,2022-12-21 06:56:44,16836.47,0.00620,104.38611400,0.00000000BNB,,,,
2022-12-21 06:55:39,16638883701,BTCUSDT,SELL,0.0,0.00621,16834.78,0.00621,104.5439838,Filled
,Date(UTC),Trading Price,Filled,Total,Fee,,,,
,2022-12-21 06:55:39,16834.78,0.00621,104.54398380,0.00000000BNB,,,,
2022-12-21 06:54:22,16638859639,BTCUSDT,BUY,0.0,0.00621,16838.92,0.00621,104.5696932,Filled
,Date(UTC),Trading Price,Filled,Total,Fee,,,,
,2022-12-21 06:54:22,16838.92,0.00621,104.56969320,0.00000000BNB,,,,
2022-12-21 04:39:10,16636363148,BTCUSDT,SELL,0.0,0.00622,16809.79,0.00622,104.5568938,Filled
,Date(UTC),Trading Price,Filled,Total,Fee,,,,
,2022-12-21 04:39:10,16809.79,0.00622,104.55689380,0.00000000BNB,,,,
2022-12-21 04:32:31,16636250741,BTCUSDT,BUY,0.0,0.00622,16807.63,0.00622,104.5434586,Filled
,Date(UTC),Trading Price,Filled,Total,Fee,,,,
,2022-12-21 04:32:31,16807.63,0.00622,104.54345860,0.00000000BNB,,,,
2022-12-21 04:22:23,16636031020,BTCUSDT,SELL,0.0,0.00621,16819.62,0.00621,104.4498402,Filled
,Date(UTC),Trading Price,Filled,Total,Fee,,,,
,2022-12-21 04:22:23,16819.62,0.00621,104.44984020,0.00000000BNB,,,,
2022-12-21 04:11:19,16635817685,BTCUSDT,BUY,0.0,0.00621,16819.62,0.00621,104.4498402,Filled
,Date(UTC),Trading Price,Filled,Total,Fee,,,,
,2022-12-21 04:11:19,16819.62,0.00621,104.44984020,0.00000000BNB,,,,
2022-12-21 03:28:13,16635115198,BTCUSDT,SELL,0.0,0.00621,16821.64,0.00621,104.4623844,Filled
,Date(UTC),Trading Price,Filled,Total,Fee,,,,
,2022-12-21 03:28:13,16821.64,0.00621,104.46238440,0.00000000BNB,,,,
2022-12-21 03:04:57,16634648647,BTCUSDT,BUY,0.0,0.0062,16847.95183871,0.0062,104.4573014,Filled
,Date(UTC),Trading Price,Filled,Total,Fee,,,,
,2022-12-21 03:04:57,16847.94,0.00119,20.04904860,0.00000000BNB,,,,
,2022-12-21 03:04:57,16847.95,0.00200,33.69590000,0.00000000BNB,,,,
,2022-12-21 03:04:57,16847.95,0.00068,11.45660600,0.00000000BNB,,,,
,2022-12-21 03:04:57,16847.96,0.00233,39.25574680,0.00000000BNB,,,,
2022-12-20 23:57:17,16631057136,BTCUSDT,SELL,0.0,0.00618,16906.6505178,0.00618,104.4831002,Filled
,Date(UTC),Trading Price,Filled,Total,Fee,,,,
,2022-12-20 23:57:17,16906.73,0.00004,0.67626920,0.00000000BNB,,,,
,2022-12-20 23:57:17,16906.65,0.00614,103.80683100,0.00000000BNB,,,,
2022-12-20 23:51:55,16630985697,BTCUSDT,BUY,0.0,0.00619,16894.34,0.00619,104.5759646,Filled
,Date(UTC),Trading Price,Filled,Total,Fee,,,,
,2022-12-20 23:51:55,16894.34,0.00619,104.57596460,0.00000000BNB,,,,
2022-12-20 22:16:32,16629423116,BTCUSDT,SELL,0.0,0.00619,16889.84337642,0.00619,104.5481305,Filled
,Date(UTC),Trading Price,Filled,Total,Fee,,,,
,2022-12-20 22:16:32,16889.92,0.00092,15.53872640,0.00000000BNB,,,,
,2022-12-20 22:16:32,16889.83,0.00527,89.00940410,0.00000000BNB,,,,
2022-12-20 22:10:58,16629323482,BTCUSDT,BUY,0.0,0.00619,16883.6,0.00619,104.509484,Filled
,Date(UTC),Trading Price,Filled,Total,Fee,,,,
,2022-12-20 22:10:58,16883.60,0.00619,104.50948400,0.00000000BNB,,,,
2022-12-20 21:09:56,16628409869,BTCUSDT,SELL,0.0,0.0062,16857.25,0.0062,104.51495,Filled
,Date(UTC),Trading Price,Filled,Total,Fee,,,,
,2022-12-20 21:09:56,16857.25,0.00620,104.51495000,0.00000000BNB,,,,
2022-12-20 20:54:06,16628055093,BTCUSDT,BUY,0.0,0.0062,16878.56,0.0062,104.647072,Filled
,Date(UTC),Trading Price,Filled,Total,Fee,,,,
,2022-12-20 20:54:06,16878.56,0.00620,104.64707200,0.00000000BNB,,,,
2022-12-20 20:52:07,16628010695,BTCUSDT,SELL,0.0,0.0062,16889.22387097,0.0062,104.713188,Filled
,Date(UTC),Trading Price,Filled,Total,Fee,,,,
,2022-12-20 20:52:07,16889.40,0.00200,33.77880000,0.00000000BNB,,,,
,2022-12-20 20:52:07,16889.14,0.00420,70.93438800,0.00000000BNB,,,,
2022-12-20 20:45:17,16627898859,BTCUSDT,BUY,0.0,0.00619,16889.1,0.00619,104.543529,Filled
,Date(UTC),Trading Price,Filled,Total,Fee,,,,
,2022-12-20 20:45:17,16889.10,0.00619,104.54352900,0.00000000BNB,,,,
2022-12-20 18:31:08,16625221643,BTCUSDT,SELL,0.0,0.00621,16821.01,0.00621,104.4584721,Filled
,Date(UTC),Trading Price,Filled,Total,Fee,,,,
,2022-12-20 18:31:08,16821.01,0.00621,104.45847210,0.00000000BNB,,,,
2022-12-20 18:24:33,16625095827,BTCUSDT,BUY,0.0,0.00621,16786.37,0.00621,104.2433577,Filled
,Date(UTC),Trading Price,Filled,Total,Fee,,,,
,2022-12-20 18:24:33,16786.37,0.00621,104.24335770,0.00000000BNB,,,,
2022-12-20 17:45:39,16624417369,BTCUSDT,SELL,0.0,0.0062,16810.2,0.0062,104.22324,Filled
,Date(UTC),Trading Price,Filled,Total,Fee,,,,
,2022-12-20 17:45:39,16810.20,0.00620,104.22324000,0.00000000BNB,,,,
2022-12-20 17:41:15,16624337559,BTCUSDT,BUY,0.0,0.00621,16811.74,0.00621,104.4009054,Filled
,Date(UTC),Trading Price,Filled,Total,Fee,,,,
,2022-12-20 17:41:15,16811.74,0.00621,104.40090540,0.00000000BNB,,,,
2022-12-20 17:30:10,16624135283,BTCUSDT,SELL,0.0,0.00621,16811.78856683,0.00621,104.401207,Filled
,Date(UTC),Trading Price,Filled,Total,Fee,,,,
,2022-12-20 17:30:10,16811.92,0.00250,42.02980000,0.00000000BNB,,,,
,2022-12-20 17:30:10,16811.70,0.00371,62.37140700,0.00000000BNB,,,,
2022-12-20 17:22:16,16623968916,BTCUSDT,BUY,0.0,0.0062,16806.49,0.0062,104.200238,Filled
,Date(UTC),Trading Price,Filled,Total,Fee,,,,
,2022-12-20 17:22:16,16806.49,0.00620,104.20023800,0.00000000BNB,,,,
2022-12-20 16:16:49,16622174306,BTCUSDT,SELL,0.0,0.0062,16826.6,0.0062,104.32492,Filled
,Date(UTC),Trading Price,Filled,Total,Fee,,,,
,2022-12-20 16:16:49,16826.60,0.00620,104.32492000,0.00000000BNB,,,,
2022-12-20 15:50:11,16621350938,BTCUSDT,BUY,0.0,0.0062,16934.6,0.0062,104.99452,Filled
,Date(UTC),Trading Price,Filled,Total,Fee,,,,
,2022-12-20 15:50:11,16934.60,0.00620,104.99452000,0.00000000BNB,,,,
2022-12-20 14:33:35,16618042263,BTCUSDT,SELL,0.0,0.00624,16820.07214744,0.00624,104.9572502,Filled
,Date(UTC),Trading Price,Filled,Total,Fee,,,,
,2022-12-20 14:33:35,16820.08,0.00134,22.53890720,0.00000000BNB,,,,
,2022-12-20 14:33:35,16820.07,0.00490,82.41834300,0.00000000BNB,,,,
2022-12-20 14:29:12,16617860245,BTCUSDT,BUY,0.0,0.00624,16793.68955129,0.00624,104.7926228,Filled
,Date(UTC),Trading Price,Filled,Total,Fee,,,,
,2022-12-20 14:29:12,16793.67,0.00018,3.02286060,0.00000000BNB,,,,
,2022-12-20 14:29:12,16793.67,0.00214,35.93845380,0.00000000BNB,,,,
,2022-12-20 14:29:12,16793.68,0.00300,50.38104000,0.00000000BNB,,,,
,2022-12-20 14:29:12,16793.77,0.00092,15.45026840,0.00000000BNB,,,,
2022-12-20 13:21:34,16616106148,BTCUSDT,SELL,0.0,0.00623,16825.05,0.00623,104.8200615,Filled
,Date(UTC),Trading Price,Filled,Total,Fee,,,,
,2022-12-20 13:21:34,16825.05,0.00623,104.82006150,0.00000000BNB,,,,
2022-12-20 13:06:02,16615713131,BTCUSDT,BUY,0.0,0.00623,16815.36910113,0.00623,104.7597495,Filled
,Date(UTC),Trading Price,Filled,Total,Fee,,,,
,2022-12-20 13:06:02,16815.35,0.00385,64.73909750,0.00000000BNB,,,,
,2022-12-20 13:06:02,16815.40,0.00238,40.02065200,0.00000000BNB,,,,
2022-12-20 11:47:13,16613933084,BTCUSDT,SELL,0.0,0.00623,16815.09948636,0.00623,104.7580698,Filled
,Date(UTC),Trading Price,Filled,Total,Fee,,,,
,2022-12-20 11:47:13,16815.10,0.00607,102.06765700,0.00000000BNB,,,,
,2022-12-20 11:47:13,16815.08,0.00016,2.69041280,0.00000000BNB,,,,
2022-12-20 11:40:25,16613800730,BTCUSDT,BUY,0.0,0.00624,16810.33636218,0.00624,104.8964989,Filled
,Date(UTC),Trading Price,Filled,Total,Fee,,,,
,2022-12-20 11:40:25,16809.98,0.00023,3.86629540,0.00000000BNB,,,,
,2022-12-20 11:40:25,16810.35,0.00601,101.03020350,0.00000000BNB,,,,
2022-12-20 10:51:45,16612589608,BTCUSDT,SELL,0.0,0.00625,16782.006832,0.00625,104.8875427,Filled
,Date(UTC),Trading Price,Filled,Total,Fee,,,,
,2022-12-20 10:51:45,16782.25,0.00178,29.87240500,0.00000000BNB,,,,
,2022-12-20 10:51:45,16781.91,0.00447,75.01513770,0.00000000BNB,,,,
2022-12-20 10:43:59,16612436812,BTCUSDT,BUY,0.0,0.00624,16781.5,0.00624,104.71656,Filled
,Date(UTC),Trading Price,Filled,Total,Fee,,,,
,2022-12-20 10:43:59,16781.50,0.00624,104.71656000,0.00000000BNB,,,,
2022-12-20 10:27:09,16612108883,BTCUSDT,SELL,0.0,0.00623,16800.14,0.00623,104.6648722,Filled
,Date(UTC),Trading Price,Filled,Total,Fee,,,,
,2022-12-20 10:27:09,16800.14,0.00623,104.66487220,0.00000000BNB,,,,
2022-12-20 10:21:45,16612008743,BTCUSDT,BUY,0.0,0.00624,16797.83346154,0.00624,104.8184808,Filled
,Date(UTC),Trading Price,Filled,Total,Fee,,,,
,2022-12-20 10:21:45,16797.65,0.00200,33.59530000,0.00000000BNB,,,,
,2022-12-20 10:21:45,16797.92,0.00424,71.22318080,0.00000000BNB,,,,
2022-12-20 10:09:33,16611730474,BTCUSDT,SELL,0.0,0.00624,16804.07,0.00624,104.8573968,Filled
,Date(UTC),Trading Price,Filled,Total,Fee,,,,
,2022-12-20 10:09:33,16804.07,0.00583,97.96772810,0.00000000BNB,,,,
,2022-12-20 10:09:33,16804.07,0.00041,6.88966870,0.00000000BNB,,,,
2022-12-20 09:59:27,16611527766,BTCUSDT,BUY,0.0,0.00624,16812.08942308,0.00624,104.907438,Filled
,Date(UTC),Trading Price,Filled,Total,Fee,,,,
,2022-12-20 09:59:27,16812.07,0.00422,70.94693540,0.00000000BNB,,,,
,2022-12-20 09:59:27,16812.13,0.00202,33.96050260,0.00000000BNB,,,,
2022-12-20 09:12:58,16610606938,BTCUSDT,SELL,0.0,0.00623,16821.63,0.00623,104.7987549,Filled
,Date(UTC),Trading Price,Filled,Total,Fee,,,,
,2022-12-20 09:12:58,16821.63,0.00623,104.79875490,0.00000000BNB,,,,
2022-12-20 09:10:45,16610565865,BTCUSDT,BUY,0.0,0.00622,16822.85,0.00622,104.638127,Filled
,Date(UTC),Trading Price,Filled,Total,Fee,,,,
,2022-12-20 09:10:45,16822.85,0.00622,104.63812700,0.00000000BNB,,,,
2022-12-20 07:55:12,16608873230,BTCUSDT,SELL,0.0,0.00623,16808.24,0.00623,104.7153352,Filled
,Date(UTC),Trading Price,Filled,Total,Fee,,,,
,2022-12-20 07:55:12,16808.24,0.00623,104.71533520,0.00000000BNB,,,,
2022-12-20 07:47:27,16608716473,BTCUSDT,BUY,0.0,0.00624,16797.87,0.00624,104.8187088,Filled
,Date(UTC),Trading Price,Filled,Total,Fee,,,,
,2022-12-20 07:47:27,16797.87,0.00624,104.81870880,0.00000000BNB,,,,
2022-12-20 07:35:14,16608472907,BTCUSDT,SELL,0.0,0.00624,16796.99,0.00624,104.8132176,Filled
,Date(UTC),Trading Price,Filled,Total,Fee,,,,
,2022-12-20 07:35:14,16796.99,0.00624,104.81321760,0.00000000BNB,,,,
2022-12-20 07:17:26,16608060624,BTCUSDT,BUY,0.0,0.00624,16812.4,0.00624,104.909376,Filled
,Date(UTC),Trading Price,Filled,Total,Fee,,,,
,2022-12-20 07:17:26,16812.40,0.00624,104.90937600,0.00000000BNB,,,,
2022-12-20 05:38:52,16605719326,BTCUSDT,SELL,0.0,0.00626,16762.71597445,0.00626,104.934602,Filled
,Date(UTC),Trading Price,Filled,Total,Fee,,,,
,2022-12-20 05:38:52,16762.78,0.00100,16.76278000,0.00000000BNB,,,,
,2022-12-20 05:38:52,16762.71,0.00100,16.76271000,0.00000000BNB,,,,
,2022-12-20 05:38:52,16762.71,0.00100,16.76271000,0.00000000BNB,,,,
,2022-12-20 05:38:52,16762.70,0.00101,16.93032700,0.00000000BNB,,,,
,2022-12-20 05:38:52,16762.70,0.00225,37.71607500,0.00000000BNB,,,,
2022-12-20 05:13:14,16605115942,BTCUSDT,BUY,0.0,0.00625,16782.1,0.00625,104.888125,Filled
,Date(UTC),Trading Price,Filled,Total,Fee,,,,
,2022-12-20 05:13:14,16782.10,0.00625,104.88812500,0.00000000BNB,,,,
2022-12-20 03:53:32,16602724725,BTCUSDT,SELL,0.0,0.00628,16705.72910829,0.00628,104.9119788,Filled
,Date(UTC),Trading Price,Filled,Total,Fee,,,,
,2022-12-20 03:53:32,16705.77,0.00200,33.41154000,0.00000000BNB,,,,
,2022-12-20 03:53:32,16705.71,0.00428,71.50043880,0.00000000BNB,,,,
2022-12-20 03:46:54,16602549602,BTCUSDT,BUY,0.0,0.00628,16692.2,0.00628,104.827016,Filled
,Date(UTC),Trading Price,Filled,Total,Fee,,,,
,2022-12-20 03:46:54,16692.20,0.00628,104.82701600,0.00000000BNB,,,,
2022-12-20 03:32:29,16602183849,BTCUSDT,SELL,0.0,0.00627,16704.96,0.00627,104.7400992,Filled
,Date(UTC),Trading Price,Filled,Total,Fee,,,,
,2022-12-20 03:32:29,16704.96,0.00627,104.74009920,0.00000000BNB,,,,
2022-12-20 03:19:11,16601805441,BTCUSDT,BUY,0.0,0.00627,16689.4,0.00627,104.642538,Filled
,Date(UTC),Trading Price,Filled,Total,Fee,,,,
,2022-12-20 03:19:11,16689.40,0.00627,104.64253800,0.00000000BNB,,,,
2022-12-20 02:13:46,16599408091,BTCUSDT,SELL,0.0,0.00632,16563.27352849,0.00632,104.6798887,Filled
,Date(UTC),Trading Price,Filled,Total,Fee,,,,
,2022-12-20 02:13:46,16563.28,0.00357,59.13090960,0.00000000BNB,,,,
,2022-12-20 02:13:46,16563.27,0.00141,23.35421070,0.00000000BNB,,,,
,2022-12-20 02:13:46,16563.26,0.00134,22.19476840,0.00000000BNB,,,,
2022-12-20 02:09:13,16599312959,BTCUSDT,BUY,0.0,0.00632,16563.65,0.00632,104.682268,Filled
,Date(UTC),Trading Price,Filled,Total,Fee,,,,
,2022-12-20 02:09:13,16563.65,0.00632,104.68226800,0.00000000BNB,,,,
2022-12-20 01:22:48,16597712869,BTCUSDT,SELL,0.0,0.00635,16481.44,0.00635,104.657144,Filled
,Date(UTC),Trading Price,Filled,Total,Fee,,,,
,2022-12-20 01:22:48,16481.44,0.00635,104.65714400,0.00000000BNB,,,,
2022-12-20 01:19:21,16597593102,BTCUSDT,BUY,0.0,0.00635,16477.61902363,0.00635,104.6328808,Filled
,Date(UTC),Trading Price,Filled,Total,Fee,,,,
,2022-12-20 01:19:21,16477.55,0.00069,11.36950950,0.00000000BNB,,,,
,2022-12-20 01:19:21,16477.61,0.00237,39.05193570,0.00000000BNB,,,,
,2022-12-20 01:19:21,16477.64,0.00329,54.21143560,0.00000000BNB,,,,
2022-12-19 23:28:28,16594877950,BTCUSDT,SELL,0.0,0.00637,16420.43,0.00637,104.5981391,Filled
,Date(UTC),Trading Price,Filled,Total,Fee,,,,
,2022-12-19 23:28:28,16420.43,0.00637,104.59813910,0.00000000BNB,,,,
2022-12-19 23:20:52,16594707778,BTCUSDT,BUY,0.0,0.00637,16383.47,0.00637,104.3627039,Filled
,Date(UTC),Trading Price,Filled,Total,Fee,,,,
,2022-12-19 23:20:52,16383.47,0.00637,104.36270390,0.00000000BNB,,,,
2022-12-19 22:10:57,16592777799,BTCUSDT,SELL,0.0,0.00629,16603.71,0.00629,104.4373359,Filled
,Date(UTC),Trading Price,Filled,Total,Fee,,,,
,2022-12-19 22:10:57,16603.71,0.00629,104.43733590,0.00000000BNB,,,,
2022-12-19 22:04:12,16592692806,BTCUSDT,BUY,0.0,0.00629,16595.73,0.00629,104.3871417,Filled
,Date(UTC),Trading Price,Filled,Total,Fee,,,,
,2022-12-19 22:04:12,16595.73,0.00629,104.38714170,0.00000000BNB,,,,
2022-12-19 20:07:50,16590686564,BTCUSDT,SELL,0.0,0.0063,16561.57,0.0063,104.337891,Filled
,Date(UTC),Trading Price,Filled,Total,Fee,,,,
,2022-12-19 20:07:50,16561.57,0.00630,104.33789100,0.00000000BNB,,,,
2022-12-19 20:05:27,16590648286,BTCUSDT,BUY,0.0,0.00631,16559.61,0.00631,104.4911391,Filled
,Date(UTC),Trading Price,Filled,Total,Fee,,,,
,2022-12-19 20:05:27,16559.61,0.00631,104.49113910,0.00000000BNB,,,,
2022-12-19 19:34:31,16590042486,BTCUSDT,SELL,0.0,0.00631,16552.1,0.00631,104.443751,Filled
,Date(UTC),Trading Price,Filled,Total,Fee,,,,
,2022-12-19 19:34:31,16552.10,0.00631,104.44375100,0.00000000BNB,,,,
2022-12-19 19:32:12,16589997190,BTCUSDT,BUY,0.0,0.00631,16551.38,0.00631,104.4392078,Filled
,Date(UTC),Trading Price,Filled,Total,Fee,,,,
,2022-12-19 19:32:12,16551.38,0.00631,104.43920780,0.00000000BNB,,,,
2022-12-19 19:11:08,16589555539,BTCUSDT,SELL,0.0,0.00631,16560.93,0.00631,104.4994683,Filled
,Date(UTC),Trading Price,Filled,Total,Fee,,,,
,2022-12-19 19:11:08,16560.93,0.00631,104.49946830,0.00000000BNB,,,,
2022-12-19 18:43:20,16588756707,BTCUSDT,BUY,0.0,0.00631,16593.56610143,0.00631,104.7054021,Filled
,Date(UTC),Trading Price,Filled,Total,Fee,,,,
,2022-12-19 18:43:20,16593.29,0.00069,11.44937010,0.00000000BNB,,,,
,2022-12-19 18:43:20,16593.60,0.00562,93.25603200,0.00000000BNB,,,,
2022-12-19 16:52:26,16586012093,BTCUSDT,SELL,0.0,0.00629,16639.5,0.00629,104.662455,Filled
,Date(UTC),Trading Price,Filled,Total,Fee,,,,
,2022-12-19 16:52:26,16639.50,0.00629,104.66245500,0.00000000BNB,,,,
2022-12-19 16:30:16,16585311102,BTCUSDT,BUY,0.0,0.00628,16638.69,0.00628,104.4909732,Filled
,Date(UTC),Trading Price,Filled,Total,Fee,,,,
,2022-12-19 16:30:16,16638.69,0.00628,104.49097320,0.00000000BNB,,,,
2022-12-19 16:10:18,16584710423,BTCUSDT,SELL,0.0,0.00627,16677.4,0.00627,104.567298,Filled
,Date(UTC),Trading Price,Filled,Total,Fee,,,,
,2022-12-19 16:10:18,16677.40,0.00627,104.56729800,0.00000000BNB,,,,
2022-12-19 15:46:05,16584139865,BTCUSDT,BUY,0.0,0.00627,16702.93,0.00627,104.7273711,Filled
,Date(UTC),Trading Price,Filled,Total,Fee,,,,
,2022-12-19 15:46:05,16702.93,0.00627,104.72737110,0.00000000BNB,,,,
2022-12-19 13:57:18,16581472631,BTCUSDT,SELL,0.0,0.00626,16724.27,0.00626,104.6939302,Filled
,Date(UTC),Trading Price,Filled,Total,Fee,,,,
,2022-12-19 13:57:18,16724.27,0.00626,104.69393020,0.00000000BNB,,,,
2022-12-19 13:50:43,16581354071,BTCUSDT,BUY,0.0,0.00626,16722.82779553,0.00626,104.684902,Filled
,Date(UTC),Trading Price,Filled,Total,Fee,,,,
,2022-12-19 13:50:43,16722.60,0.00203,33.94687800,0.00000000BNB,,,,
,2022-12-19 13:50:43,16722.65,0.00076,12.70921400,0.00000000BNB,,,,
,2022-12-19 13:50:43,16723.00,0.00347,58.02881000,0.00000000BNB,,,,
2022-12-19 13:19:42,16580812315,BTCUSDT,SELL,0.0,0.00625,16744.08,0.00625,104.6505,Filled
,Date(UTC),Trading Price,Filled,Total,Fee,,,,
,2022-12-19 13:19:42,16744.08,0.00625,104.65050000,0.00000000BNB,,,,
2022-12-19 13:14:11,16580715636,BTCUSDT,BUY,0.0,0.00626,16746.71,0.00626,104.8344046,Filled
,Date(UTC),Trading Price,Filled,Total,Fee,,,,
,2022-12-19 13:14:11,16746.71,0.00626,104.83440460,0.00000000BNB,,,,
2022-12-19 10:43:17,16578212382,BTCUSDT,SELL,0.0,0.00626,16767.68,0.00626,104.9656768,Filled
,Date(UTC),Trading Price,Filled,Total,Fee,,,,
,2022-12-19 10:43:17,16767.68,0.00626,104.96567680,0.00000000BNB,,,,
2022-12-19 10:40:02,16578157251,BTCUSDT,BUY,0.0,0.00626,16770.83,0.00626,104.9853958,Filled
,Date(UTC),Trading Price,Filled,Total,Fee,,,,
,2022-12-19 10:40:02,16770.83,0.00626,104.98539580,0.00000000BNB,,,,
2022-12-19 08:04:51,16575608678,BTCUSDT,SELL,0.0,0.00627,16729.36,0.00627,104.8930872,Filled
,Date(UTC),Trading Price,Filled,Total,Fee,,,,
,2022-12-19 08:04:51,16729.36,0.00627,104.89308720,0.00000000BNB,,,,
2022-12-19 07:43:46,16575213971,BTCUSDT,BUY,0.0,0.00627,16713.13,0.00627,104.7913251,Filled
,Date(UTC),Trading Price,Filled,Total,Fee,,,,
,2022-12-19 07:43:46,16713.13,0.00627,104.79132510,0.00000000BNB,,,,
2022-12-19 05:50:33,16573359185,BTCUSDT,SELL,0.0,0.00627,16717.55,0.00627,104.8190385,Filled
,Date(UTC),Trading Price,Filled,Total,Fee,,,,
,2022-12-19 05:50:33,16717.55,0.00627,104.81903850,0.00000000BNB,,,,
2022-12-19 05:43:55,16573253683,BTCUSDT,BUY,0.0,0.00626,16707.51397764,0.00626,104.5890375,Filled
,Date(UTC),Trading Price,Filled,Total,Fee,,,,
,2022-12-19 05:43:55,16707.44,0.00205,34.25025200,0.00000000BNB,,,,
,2022-12-19 05:43:55,16707.55,0.00421,70.33878550,0.00000000BNB,,,,
2022-12-19 05:12:52,16572750489,BTCUSDT,SELL,0.0,0.00626,16714.71,0.00626,104.6340846,Filled
,Date(UTC),Trading Price,Filled,Total,Fee,,,,
,2022-12-19 05:12:52,16714.71,0.00626,104.63408460,0.00000000BNB,,,,
2022-12-19 05:05:07,16572629909,BTCUSDT,BUY,0.0,0.00626,16712.13207668,0.00626,104.6179468,Filled
,Date(UTC),Trading Price,Filled,Total,Fee,,,,
,2022-12-19 05:05:07,16712.03,0.00200,33.42406000,0.00000000BNB,,,,
,2022-12-19 05:05:07,16712.18,0.00138,23.06280840,0.00000000BNB,,,,
,2022-12-19 05:05:07,16712.18,0.00288,48.13107840,0.00000000BNB,,,,
2022-12-19 03:54:11,16571457497,BTCUSDT,SELL,0.0,0.00627,16679.14,0.00627,104.5782078,Filled
,Date(UTC),Trading Price,Filled,Total,Fee,,,,
,2022-12-19 03:54:11,16679.14,0.00627,104.57820780,0.00000000BNB,,,,
2022-12-19 03:47:35,16571315006,BTCUSDT,BUY,0.0,0.00628,16666.15703822,0.00628,104.6634662,Filled
,Date(UTC),Trading Price,Filled,Total,Fee,,,,
,2022-12-19 03:47:35,16665.89,0.00069,11.49946410,0.00000000BNB,,,,
,2022-12-19 03:47:35,16666.19,0.00559,93.16400210,0.00000000BNB,,,,
2022-12-19 02:53:08,16570006333,BTCUSDT,SELL,0.0,0.00625,16736.81,0.00625,104.6050625,Filled
,Date(UTC),Trading Price,Filled,Total,Fee,,,,
,2022-12-19 02:53:08,16736.81,0.00001,0.16736810,0.00000000BNB,,,,
,2022-12-19 02:53:08,16736.81,0.00624,104.43769440,0.00000000BNB,,,,
2022-12-19 02:27:49,16569414874,BTCUSDT,BUY,0.0,0.00625,16756.56,0.00625,104.7285,Filled
,Date(UTC),Trading Price,Filled,Total,Fee,,,,
,2022-12-19 02:27:49,16756.56,0.00625,104.72850000,0.00000000BNB,,,,
2022-12-19 02:02:11,16568986789,BTCUSDT,SELL,0.0,0.00624,16778.37,0.00624,104.6970288,Filled
,Date(UTC),Trading Price,Filled,Total,Fee,,,,
,2022-12-19 02:02:11,16778.37,0.00624,104.69702880,0.00000000BNB,,,,
2022-12-19 01:56:46,16568888914,BTCUSDT,BUY,0.0,0.00624,16782.16395834,0.00624,104.7207031,Filled
,Date(UTC),Trading Price,Filled,Total,Fee,,,,
,2022-12-19 01:56:46,16782.16,0.00500,83.91080000,0.00000000BNB,,,,
,2022-12-19 01:56:46,16782.16,0.00105,17.62126800,0.00000000BNB,,,,
,2022-12-19 01:56:46,16782.29,0.00019,3.18863510,0.00000000BNB,,,,
2022-12-19 00:58:01,16567766977,BTCUSDT,SELL,0.0,0.00625,16779.39,0.00625,104.8711875,Filled
,Date(UTC),Trading Price,Filled,Total,Fee,,,,
,2022-12-19 00:58:01,16779.39,0.00625,104.87118750,0.00000000BNB,,,,
2022-12-19 00:49:08,16567600323,BTCUSDT,BUY,0.0,0.00624,16771.01,0.00624,104.6511024,Filled
,Date(UTC),Trading Price,Filled,Total,Fee,,,,
,2022-12-19 00:49:08,16771.01,0.00624,104.65110240,0.00000000BNB,,,,
2022-12-19 00:17:02,16566848087,BTCUSDT,SELL,0.0,0.00624,16758.42,0.00624,104.5725408,Filled
,Date(UTC),Trading Price,Filled,Total,Fee,,,,
,2022-12-19 00:17:02,16758.42,0.00624,104.57254080,0.00000000BNB,,,,
2022-12-18 23:31:26,16566052876,BTCUSDT,BUY,0.0,0.00624,16781.65,0.00624,104.717496,Filled
,Date(UTC),Trading Price,Filled,Total,Fee,,,,
,2022-12-18 23:31:26,16781.65,0.00624,104.71749600,0.00000000BNB,,,,
2022-12-18 21:41:46,16564265674,BTCUSDT,SELL,0.0,0.00625,16745.55,0.00625,104.6596875,Filled
,Date(UTC),Trading Price,Filled,Total,Fee,,,,
,2022-12-18 21:41:46,16745.56,0.00500,83.72780000,0.00000000BNB,,,,
,2022-12-18 21:41:46,16745.51,0.00125,20.93188750,0.00000000BNB,,,,
2022-12-18 21:39:36,16564243455,BTCUSDT,BUY,0.0,0.00625,16745.23,0.00625,104.6576875,Filled
,Date(UTC),Trading Price,Filled,Total,Fee,,,,
,2022-12-18 21:39:36,16745.23,0.00625,104.65768750,0.00000000BNB,,,,
2022-12-18 21:38:19,16564228672,BTCUSDT,SELL,0.0,0.00625,16742.92,0.00625,104.64325,Filled
,Date(UTC),Trading Price,Filled,Total,Fee,,,,
,2022-12-18 21:38:19,16742.92,0.00625,104.64325000,0.00000000BNB,,,,
2022-12-18 21:24:02,16564045669,BTCUSDT,BUY,0.0,0.00625,16741.87,0.00625,104.6366875,Filled
,Date(UTC),Trading Price,Filled,Total,Fee,,,,
,2022-12-18 21:24:02,16741.87,0.00625,104.63668750,0.00000000BNB,,,,
2022-12-18 21:09:37,16563854412,BTCUSDT,SELL,0.0,0.00624,16771.90852565,0.00624,104.6567092,Filled
,Date(UTC),Trading Price,Filled,Total,Fee,,,,
,2022-12-18 21:09:37,16771.92,0.00266,44.61330720,0.00000000BNB,,,,
,2022-12-18 21:09:37,16771.90,0.00358,60.04340200,0.00000000BNB,,,,
2022-12-18 20:56:11,16563666815,BTCUSDT,BUY,0.0,0.00625,16756.342,0.00625,104.7271375,Filled
,Date(UTC),Trading Price,Filled,Total,Fee,,,,
,2022-12-18 20:56:11,16756.34,0.00500,83.78170000,0.00000000BNB,,,,
,2022-12-18 20:56:11,16756.35,0.00125,20.94543750,0.00000000BNB,,,,
2022-12-18 20:05:16,16563075718,BTCUSDT,SELL,0.0,0.00625,16759.794,0.00625,104.7487125,Filled
,Date(UTC),Trading Price,Filled,Total,Fee,,,,
,2022-12-18 20:05:16,16759.81,0.00500,83.79905000,0.00000000BNB,,,,
,2022-12-18 20:05:16,16759.73,0.00125,20.94966250,0.00000000BNB,,,,
2022-12-18 19:48:37,16562838360,BTCUSDT,BUY,0.0,0.00624,16740.80378206,0.00624,104.4626156,Filled
,Date(UTC),Trading Price,Filled,Total,Fee,,,,
,2022-12-18 19:48:37,16740.80,0.00565,94.58552000,0.00000000BNB,,,,
,2022-12-18 19:48:37,16740.84,0.00059,9.87709560,0.00000000BNB,,,,
2022-12-18 19:02:02,16562190037,BTCUSDT,SELL,0.0,0.00624,16745.9148077,0.00624,104.4945084,Filled
,Date(UTC),Trading Price,Filled,Total,Fee,,,,
,2022-12-18 19:02:02,16745.94,0.00100,16.74594000,0.00000000BNB,,,,
,2022-12-18 19:02:02,16745.91,0.00524,87.74856840,0.00000000BNB,,,,
2022-12-18 18:37:38,16561746317,BTCUSDT,BUY,0.0,0.00624,16754.53192308,0.00624,104.5482792,Filled
,Date(UTC),Trading Price,Filled,Total,Fee,,,,
,2022-12-18 18:37:38,16754.52,0.00500,83.77260000,0.00000000BNB,,,,
,2022-12-18 18:37:38,16754.58,0.00124,20.77567920,0.00000000BNB,,,,
2022-12-18 16:56:40,16560016957,BTCUSDT,SELL,0.0,0.00626,16693.42503195,0.00626,104.5008407,Filled
,Date(UTC),Trading Price,Filled,Total,Fee,,,,
,2022-12-18 16:56:40,16693.47,0.00063,10.51688610,0.00000000BNB,,,,
,2022-12-18 16:56:40,16693.42,0.00563,93.98395460,0.00000000BNB,,,,
2022-12-18 16:41:08,16559821631,BTCUSDT,BUY,0.0,0.00626,16687.43,0.00626,104.4633118,Filled
,Date(UTC),Trading Price,Filled,Total,Fee,,,,
,2022-12-18 16:41:08,16687.43,0.00626,104.46331180,0.00000000BNB,,,,
2022-12-18 13:57:58,16557541127,BTCUSDT,SELL,0.0,0.00625,16709.284352,0.00625,104.4330272,Filled
,Date(UTC),Trading Price,Filled,Total,Fee,,,,
,2022-12-18 13:57:58,16709.31,0.00500,83.54655000,0.00000000BNB,,,,
,2022-12-18 13:57:58,16709.20,0.00068,11.36225600,0.00000000BNB,,,,
,2022-12-18 13:57:58,16709.16,0.00057,9.52422120,0.00000000BNB,,,,
2022-12-18 13:43:27,16557356805,BTCUSDT,BUY,0.0,0.00625,16706.636096,0.00625,104.4164756,Filled
,Date(UTC),Trading Price,Filled,Total,Fee,,,,
,2022-12-18 13:43:27,16706.60,0.00061,10.19102600,0.00000000BNB,,,,
,2022-12-18 13:43:27,16706.64,0.00564,94.22544960,0.00000000BNB,,,,
2022-12-18 13:16:56,16556953118,BTCUSDT,SELL,0.0,0.00625,16722.312144,0.00625,104.5144509,Filled
,Date(UTC),Trading Price,Filled,Total,Fee,,,,
,2022-12-18 13:16:56,16722.33,0.00500,83.61165000,0.00000000BNB,,,,
,2022-12-18 13:16:56,16722.29,0.00069,11.53838010,0.00000000BNB,,,,
,2022-12-18 13:16:56,16722.18,0.00056,9.36442080,0.00000000BNB,,,,
2022-12-18 13:08:06,16556835750,BTCUSDT,BUY,0.0,0.00625,16718.243568,0.00625,104.4890223,Filled
,Date(UTC),Trading Price,Filled,Total,Fee,,,,
,2022-12-18 13:08:06,16718.23,0.00201,33.60364230,0.00000000BNB,,,,
,2022-12-18 13:08:06,16718.25,0.00424,70.88538000,0.00000000BNB,,,,
2022-12-18 12:27:00,16556264416,BTCUSDT,SELL,0.0,0.00625,16709.348,0.00625,104.433425,Filled
,Date(UTC),Trading Price,Filled,Total,Fee,,,,
,2022-12-18 12:27:00,16709.37,0.00500,83.54685000,0.00000000BNB,,,,
,2022-12-18 12:27:00,16709.26,0.00125,20.88657500,0.00000000BNB,,,,
2022-12-18 12:21:19,16556209446,BTCUSDT,BUY,0.0,0.00625,16707.89,0.00625,104.4243125,Filled
,Date(UTC),Trading Price,Filled,Total,Fee,,,,
,2022-12-18 12:21:19,16707.89,0.00625,104.42431250,0.00000000BNB,,,,
2022-12-18 12:04:46,16555990506,BTCUSDT,SELL,0.0,0.00625,16718.02,0.00625,104.487625,Filled
,Date(UTC),Trading Price,Filled,Total,Fee,,,,
,2022-12-18 12:04:46,16718.02,0.00625,104.48762500,0.00000000BNB,,,,
2022-12-18 12:00:13,16555926013,BTCUSDT,BUY,0.0,0.00625,16712.141056,0.00625,104.4508816,Filled
,Date(UTC),Trading Price,Filled,Total,Fee,,,,
,2022-12-18 12:00:13,16712.02,0.00043,7.18616860,0.00000000BNB,,,,
,2022-12-18 12:00:13,16712.15,0.00582,97.26471300,0.00000000BNB,,,,
2022-12-18 11:32:28,16555550479,BTCUSDT,SELL,0.0,0.00625,16717.35,0.00625,104.4834375,Filled
,Date(UTC),Trading Price,Filled,Total,Fee,,,,
,2022-12-18 11:32:28,16717.35,0.00625,104.48343750,0.00000000BNB,,,,
2022-12-18 11:22:35,16555419520,BTCUSDT,BUY,0.0,0.00625,16703.398,0.00625,104.3962375,Filled
,Date(UTC),Trading Price,Filled,Total,Fee,,,,
,2022-12-18 11:22:35,16703.38,0.00500,83.51690000,0.00000000BNB,,,,
,2022-12-18 11:22:35,16703.47,0.00125,20.87933750,0.00000000BNB,,,,
2022-12-18 09:46:11,16553878822,BTCUSDT,SELL,0.0,0.00624,16721.53,0.00624,104.3423472,Filled
,Date(UTC),Trading Price,Filled,Total,Fee,,,,
,2022-12-18 09:46:11,16721.53,0.00624,104.34234720,0.00000000BNB,,,,
2022-12-18 09:07:13,16553017635,BTCUSDT,BUY,0.0,0.00624,16748.28241988,0.00624,104.5092823,Filled
,Date(UTC),Trading Price,Filled,Total,Fee,,,,
,2022-12-18 09:07:13,16747.97,0.00067,11.22113990,0.00000000BNB,,,,
,2022-12-18 09:07:13,16748.32,0.00557,93.28814240,0.00000000BNB,,,,
2022-12-18 08:38:25,16552647007,BTCUSDT,SELL,0.0,0.00624,16751.83346154,0.00624,104.5314408,Filled
,Date(UTC),Trading Price,Filled,Total,Fee,,,,
,2022-12-18 08:38:25,16751.89,0.00070,11.72632300,0.00000000BNB,,,,
,2022-12-18 08:38:25,16751.83,0.00117,19.59964110,0.00000000BNB,,,,
,2022-12-18 08:38:25,16751.83,0.00300,50.25549000,0.00000000BNB,,,,
,2022-12-18 08:38:25,16751.82,0.00070,11.72627400,0.00000000BNB,,,,
,2022-12-18 08:38:25,16751.81,0.00067,11.22371270,0.00000000BNB,,,,
2022-12-18 08:27:21,16552484964,BTCUSDT,BUY,0.0,0.00624,16744.12479167,0.00624,104.4833387,Filled
,Date(UTC),Trading Price,Filled,Total,Fee,,,,
,2022-12-18 08:27:21,16744.00,0.00025,4.18600000,0.00000000BNB,,,,
,2022-12-18 08:27:21,16744.13,0.00599,100.29733870,0.00000000BNB,,,,
2022-12-18 06:54:14,16550987238,BTCUSDT,SELL,0.0,0.00624,16734.11,0.00624,104.4208464,Filled
,Date(UTC),Trading Price,Filled,Total,Fee,,,,
,2022-12-18 06:54:14,16734.11,0.00624,104.42084640,0.00000000BNB,,,,
2022-12-18 06:46:35,16550879098,BTCUSDT,BUY,0.0,0.00624,16727.81474359,0.00624,104.381564,Filled
,Date(UTC),Trading Price,Filled,Total,Fee,,,,
,2022-12-18 06:46:35,16727.63,0.00100,16.72763000,0.00000000BNB,,,,
,2022-12-18 06:46:35,16727.85,0.00524,87.65393400,0.00000000BNB,,,,
2022-12-18 06:14:15,16550379137,BTCUSDT,SELL,0.0,0.00624,16741.71,0.00624,104.4682704,Filled
,Date(UTC),Trading Price,Filled,Total,Fee,,,,
,2022-12-18 06:14:15,16741.71,0.00624,104.46827040,0.00000000BNB,,,,
2022-12-18 06:11:06,16550315390,BTCUSDT,BUY,0.0,0.00624,16741.21,0.00624,104.4651504,Filled
,Date(UTC),Trading Price,Filled,Total,Fee,,,,
,2022-12-18 06:11:06,16741.21,0.00624,104.46515040,0.00000000BNB,,,,
2022-12-18 05:26:43,16549693931,BTCUSDT,SELL,0.0,0.00623,16756.79,0.00623,104.3948017,Filled
,Date(UTC),Trading Price,Filled,Total,Fee,,,,
,2022-12-18 05:26:43,16756.79,0.00623,104.39480170,0.00000000BNB,,,,
2022-12-18 05:11:12,16549462108,BTCUSDT,BUY,0.0,0.00624,16752.02,0.00624,104.5326048,Filled
,Date(UTC),Trading Price,Filled,Total,Fee,,,,
,2022-12-18 05:11:12,16752.02,0.00624,104.53260480,0.00000000BNB,,,,
2022-12-18 04:54:28,16549188715,BTCUSDT,SELL,0.0,0.00623,16773.66471911,0.00623,104.4999312,Filled
,Date(UTC),Trading Price,Filled,Total,Fee,,,,
,2022-12-18 04:54:28,16773.72,0.00500,83.86860000,0.00000000BNB,,,,
,2022-12-18 04:54:28,16773.44,0.00123,20.63133120,0.00000000BNB,,,,
2022-12-18 04:42:18,16548985971,BTCUSDT,BUY,0.0,0.00622,16771.97,0.00622,104.3216534,Filled
,Date(UTC),Trading Price,Filled,Total,Fee,,,,
,2022-12-18 04:42:18,16771.97,0.00622,104.32165340,0.00000000BNB,,,,
2022-12-18 03:21:17,16547616867,BTCUSDT,SELL,0.0,0.00624,16731.85089744,0.00624,104.4067496,Filled
,Date(UTC),Trading Price,Filled,Total,Fee,,,,
,2022-12-18 03:21:17,16731.94,0.00070,11.71235800,0.00000000BNB,,,,
,2022-12-18 03:21:17,16731.94,0.00070,11.71235800,0.00000000BNB,,,,
,2022-12-18 03:21:17,16731.93,0.00061,10.20647730,0.00000000BNB,,,,
,2022-12-18 03:21:17,16731.81,0.00423,70.77555630,0.00000000BNB,,,,
2022-12-18 03:09:13,16547478325,BTCUSDT,BUY,0.0,0.00624,16726.44,0.00624,104.3729856,Filled
,Date(UTC),Trading Price,Filled,Total,Fee,,,,
,2022-12-18 03:09:13,16726.44,0.00624,104.37298560,0.00000000BNB,,,,
2022-12-18 03:02:33,16547398329,BTCUSDT,SELL,0.0,0.00624,16730.48,0.00624,104.3981952,Filled
,Date(UTC),Trading Price,Filled,Total,Fee,,,,
,2022-12-18 03:02:33,16730.48,0.00624,104.39819520,0.00000000BNB,,,,
2022-12-18 03:00:14,16547368684,BTCUSDT,BUY,0.0,0.00624,16732.10650642,0.00624,104.4083446,Filled
,Date(UTC),Trading Price,Filled,Total,Fee,,,,
,2022-12-18 03:00:14,16732.07,0.00144,24.09418080,0.00000000BNB,,,,
,2022-12-18 03:00:14,16732.10,0.00061,10.20658100,0.00000000BNB,,,,
,2022-12-18 03:00:14,16732.12,0.00419,70.10758280,0.00000000BNB,,,,
2022-12-18 02:35:54,16547048271,BTCUSDT,SELL,0.0,0.00624,16728.74,0.00624,104.3873376,Filled
,Date(UTC),Trading Price,Filled,Total,Fee,,,,
,2022-12-18 02:35:54,16728.74,0.00624,104.38733760,0.00000000BNB,,,,
2022-12-18 02:31:21,16546974804,BTCUSDT,BUY,0.0,0.00625,16730.66,0.00625,104.566625,Filled
,Date(UTC),Trading Price,Filled,Total,Fee,,,,
,2022-12-18 02:31:21,16730.66,0.00100,16.73066000,0.00000000BNB,,,,
,2022-12-18 02:31:21,16730.66,0.00525,87.83596500,0.00000000BNB,,,,
2022-12-18 01:51:27,16546310125,BTCUSDT,SELL,0.0,0.00625,16718.5972,0.00625,104.4912325,Filled
,Date(UTC),Trading Price,Filled,Total,Fee,,,,
,2022-12-18 01:51:27,16718.74,0.00100,16.71874000,0.00000000BNB,,,,
,2022-12-18 01:51:27,16718.57,0.00525,87.77249250,0.00000000BNB,,,,
2022-12-18 01:18:11,16545692787,BTCUSDT,BUY,0.0,0.00625,16726.675168,0.00625,104.5417198,Filled
,Date(UTC),Trading Price,Filled,Total,Fee,,,,
,2022-12-18 01:18:11,16726.67,0.00302,50.51454340,0.00000000BNB,,,,
,2022-12-18 01:18:11,16726.68,0.00323,54.02717640,0.00000000BNB,,,,
2022-12-18 00:22:57,16544687286,BTCUSDT,SELL,0.0,0.00624,16753.52160257,0.00624,104.5419748,Filled
,Date(UTC),Trading Price,Filled,Total,Fee,,,,
,2022-12-18 00:22:57,16753.53,0.00100,16.75353000,0.00000000BNB,,,,
,2022-12-18 00:22:57,16753.52,0.00524,87.78844480,0.00000000BNB,,,,
2022-12-18 00:09:39,16544432701,BTCUSDT,BUY,0.0,0.00623,16756.63404495,0.00623,104.3938301,Filled
,Date(UTC),Trading Price,Filled,Total,Fee,,,,
,2022-12-18 00:09:39,16756.50,0.00100,16.75650000,0.00000000BNB,,,,
,2022-12-18 00:09:39,16756.51,0.00095,15.91868450,0.00000000BNB,,,,
,2022-12-18 00:09:39,16756.53,0.00179,29.99418870,0.00000000BNB,,,,
,2022-12-18 00:09:39,16756.81,0.00249,41.72445690,0.00000000BNB,,,,
