Date(UTC),Time,Order No,Pair,Type,Order Price,Order Amount,Avg Trading Price,Filled,Total,status,,BTC Receive,BTC Pay,USDT Receive,USDT Pay,BTC Wallet Ballance,USDT Wallet Ballance,BTC Wallet Ballance Est USDT,Both Wallet Ballance (USDT),Spot Profit (USDT),Running Tot Profit (USDT),Daily Running Tot Profit (USDT),Trade Number,Daily % Profit,% Profit Since Start,Day Number,
,,,,,,,,,,,,,,,,1e-05, 104.5162
18/12/2022, 00:09:39, 2147483647, BTCUSDT, BUY , 0, 0.00623000, 16756.634, 0.00623000, 104.39383, Filled, , 0.00623, , , -104.39383, 0.00624, 0.12237, 104.56140, 104.68377, 0.00000, 0.00000, 0.00000
18/12/2022, 00:22:57, 2147483647, BTCUSDT, SELL, 0.00, 0.00624000, 16753.522, 0.00624000, 104.54197, Filled, , , -0.00624, 104.54197, , 0.00000, 104.66434, 0.00000, 104.66434, -0.01942, -0.01942, -0.01942, 1
18/12/2022, 01:18:11, 2147483647, BTCUSDT, BUY , 0.00, 0.00625000, 16726.675, 0.00625000, 104.54172, Filled, , 0.00625, , , -104.54172, 0.00625, 0.12262, 104.54172, 104.66434, 0.00000, -0.01942, -0.01942
18/12/2022, 01:51:27, 2147483647, BTCUSDT, SELL, 0.00, 0.00625000, 16718.597, 0.00625000, 104.49123, Filled, , , -0.00625, 104.49123, , 0.00000, 104.61386, 0.00000, 104.61386, -0.05049, -0.06991, -0.06991, 2
18/12/2022, 02:31:21, 2147483647, BTCUSDT, BUY , 0.00, 0.00625000, 16730.660, 0.00625000, 104.56663, Filled, , 0.00625, , , -104.56663, 0.00625, 0.04723, 104.56663, 104.61386, 0.00000, -0.06991, -0.06991
18/12/2022, 02:35:54, 2147483647, BTCUSDT, SELL, 0.00, 0.00624000, 16728.740, 0.00624000, 104.38734, Filled, , , -0.00624, 104.38734, , 0.00001, 104.43457, 0.16729, 104.60186, -0.01200, -0.08191, -0.08191, 3
18/12/2022, 03:00:14, 2147483647, BTCUSDT, BUY , 0.00, 0.00624000, 16732.107, 0.00624000, 104.40834, Filled, , 0.00624, , , -104.40834, 0.00625, 0.02623, 104.57567, 104.60189, 0.00003, -0.08188, -0.08188
18/12/2022, 03:02:33, 2147483647, BTCUSDT, SELL, 0.00, 0.00624000, 16730.480, 0.00624000, 104.39820, Filled, , , -0.00624, 104.39820, , 0.00001, 104.42442, 0.16730, 104.59173, -0.01017, -0.09204, -0.09204, 4
18/12/2022, 03:09:13, 2147483647, BTCUSDT, BUY , 0.00, 0.00624000, 16726.440, 0.00624000, 104.37299, Filled, , 0.00624, , , -104.37299, 0.00625, 0.05143, 104.54025, 104.59168, -0.00004, -0.09208, -0.09208
18/12/2022, 03:21:17, 2147483647, BTCUSDT, SELL, 0.00, 0.00624000, 16731.851, 0.00624000, 104.40675, Filled, , , -0.00624, 104.40675, , 0.00001, 104.45818, 0.16732, 104.62550, 0.03382, -0.05826, -0.05826, 5
18/12/2022, 04:42:18, 2147483647, BTCUSDT, BUY , 0.00, 0.00622000, 16771.970, 0.00622000, 104.32165, Filled, , 0.00622, , , -104.32165, 0.00623, 0.13653, 104.48937, 104.62590, 0.00040, -0.05786, -0.05786
18/12/2022, 04:54:28, 2147483647, BTCUSDT, SELL, 0.00, 0.00623000, 16773.665, 0.00623000, 104.49993, Filled, , , -0.00623, 104.49993, , 0.00000, 104.63646, 0.00000, 104.63646, 0.01056, -0.04730, -0.04730, 6
18/12/2022, 05:11:12, 2147483647, BTCUSDT, BUY , 0.00, 0.00624000, 16752.020, 0.00624000, 104.53260, Filled, , 0.00624, , , -104.53260, 0.00624, 0.10386, 104.53260, 104.63646, 0.00000, -0.04730, -0.04730
18/12/2022, 05:26:43, 2147483647, BTCUSDT, SELL, 0.00, 0.00623000, 16756.790, 0.00623000, 104.39480, Filled, , , -0.00623, 104.39480, , 0.00001, 104.49866, 0.16757, 104.66623, 0.02976, -0.01754, -0.01754, 7
18/12/2022, 06:11:06, 2147483647, BTCUSDT, BUY , 0.00, 0.00624000, 16741.210, 0.00624000, 104.46515, Filled, , 0.00624, , , -104.46515, 0.00625, 0.03351, 104.63256, 104.66607, -0.00016, -0.01769, -0.01769
18/12/2022, 06:14:15, 2147483647, BTCUSDT, SELL, 0.00, 0.00624000, 16741.710, 0.00624000, 104.46827, Filled, , , -0.00624, 104.46827, , 0.00001, 104.50178, 0.16742, 104.66920, 0.00312, -0.01457, -0.01457, 8
18/12/2022, 06:46:35, 2147483647, BTCUSDT, BUY , 0.00, 0.00624000, 16727.815, 0.00624000, 104.38156, Filled, , 0.00624, , , -104.38156, 0.00625, 0.12022, 104.54884, 104.66906, -0.00014, -0.01471, -0.01471
18/12/2022, 06:54:14, 2147483647, BTCUSDT, SELL, 0.00, 0.00624000, 16734.110, 0.00624000, 104.42085, Filled, , , -0.00624, 104.42085, , 0.00001, 104.54106, 0.16734, 104.70840, 0.03935, 0.02464, 0.02464, 9
18/12/2022, 08:27:21, 2147483647, BTCUSDT, BUY , 0.00, 0.00624000, 16744.125, 0.00624000, 104.48334, Filled, , 0.00624, , , -104.48334, 0.00625, 0.05772, 104.65078, 104.70850, 0.00010, 0.02474, 0.02474
18/12/2022, 08:38:25, 2147483647, BTCUSDT, SELL, 0.00, 0.00624000, 16751.833, 0.00624000, 104.53144, Filled, , , -0.00624, 104.53144, , 0.00001, 104.58916, 0.16752, 104.75668, 0.04818, 0.07292, 0.07292, 10
18/12/2022, 09:07:13, 2147483647, BTCUSDT, BUY , 0.00, 0.00624000, 16748.282, 0.00624000, 104.50928, Filled, , 0.00624, , , -104.50928, 0.00625, 0.07988, 104.67677, 104.75665, -0.00004, 0.07288, 0.07288
18/12/2022, 09:46:11, 2147483647, BTCUSDT, SELL, 0.00, 0.00624000, 16721.530, 0.00624000, 104.34235, Filled, , , -0.00624, 104.34235, , 0.00001, 104.42223, 0.16722, 104.58944, -0.16720, -0.09432, -0.09432, 11
18/12/2022, 11:22:35, 2147483647, BTCUSDT, BUY , 0.00, 0.00625000, 16703.398, 0.00625000, 104.39624, Filled, , 0.00625, , , -104.39624, 0.00626, 0.02599, 104.56327, 104.58926, -0.00018, -0.09450, -0.09450
18/12/2022, 11:32:28, 2147483647, BTCUSDT, SELL, 0.00, 0.00625000, 16717.350, 0.00625000, 104.48344, Filled, , , -0.00625, 104.48344, , 0.00001, 104.50943, 0.16717, 104.67660, 0.08734, -0.00716, -0.00716, 12
18/12/2022, 12:00:13, 2147483647, BTCUSDT, BUY , 0.00, 0.00625000, 16712.141, 0.00625000, 104.45088, Filled, , 0.00625, , , -104.45088, 0.00626, 0.05855, 104.61800, 104.67655, -0.00005, -0.00722, -0.00722
18/12/2022, 12:04:46, 2147483647, BTCUSDT, SELL, 0.00, 0.00625000, 16718.020, 0.00625000, 104.48762, Filled, , , -0.00625, 104.48762, , 0.00001, 104.54617, 0.16718, 104.71335, 0.03680, 0.02959, 0.02959, 13
18/12/2022, 12:21:19, 2147483647, BTCUSDT, BUY , 0.00, 0.00625000, 16707.890, 0.00625000, 104.42431, Filled, , 0.00625, , , -104.42431, 0.00626, 0.12186, 104.59139, 104.71325, -0.00010, 0.02948, 0.02948
18/12/2022, 12:27:00, 2147483647, BTCUSDT, SELL, 0.00, 0.00625000, 16709.348, 0.00625000, 104.43342, Filled, , , -0.00625, 104.43342, , 0.00001, 104.55528, 0.16709, 104.72238, 0.00913, 0.03861, 0.03861, 14
18/12/2022, 13:08:06, 2147483647, BTCUSDT, BUY , 0.00, 0.00625000, 16718.244, 0.00625000, 104.48902, Filled, , 0.00625, , , -104.48902, 0.00626, 0.06626, 104.65620, 104.72247, 0.00009, 0.03870, 0.03870
18/12/2022, 13:16:56, 2147483647, BTCUSDT, SELL, 0.00, 0.00625000, 16722.312, 0.00625000, 104.51445, Filled, , , -0.00625, 104.51445, , 0.00001, 104.58071, 0.16722, 104.74794, 0.02547, 0.06417, 0.06417, 15
18/12/2022, 13:43:27, 2147483647, BTCUSDT, BUY , 0.00, 0.00625000, 16706.636, 0.00625000, 104.41648, Filled, , 0.00625, , , -104.41648, 0.00626, 0.16424, 104.58354, 104.74778, -0.00016, 0.06401, 0.06401
18/12/2022, 13:57:58, 2147483647, BTCUSDT, SELL, 0.00, 0.00625000, 16709.284, 0.00625000, 104.43303, Filled, , , -0.00625, 104.43303, , 0.00001, 104.59726, 0.16709, 104.76436, 0.01658, 0.08059, 0.08059, 16
18/12/2022, 16:41:08, 2147483647, BTCUSDT, BUY , 0.00, 0.00626000, 16687.430, 0.00626000, 104.46331, Filled, , 0.00626, , , -104.46331, 0.00627, 0.13395, 104.63019, 104.76414, -0.00022, 0.08037, 0.08037
18/12/2022, 16:56:40, 2147483647, BTCUSDT, SELL, 0.00, 0.00626000, 16693.425, 0.00626000, 104.50084, Filled, , , -0.00626, 104.50084, , 0.00001, 104.63479, 0.16693, 104.80173, 0.03759, 0.11796, 0.11796, 17
18/12/2022, 18:37:38, 2147483647, BTCUSDT, BUY , 0.00, 0.00624000, 16754.532, 0.00624000, 104.54828, Filled, , 0.00624, , , -104.54828, 0.00625, 0.08651, 104.71582, 104.80234, 0.00061, 0.11857, 0.11857
18/12/2022, 19:02:02, 2147483647, BTCUSDT, SELL, 0.00, 0.00624000, 16745.915, 0.00624000, 104.49451, Filled, , , -0.00624, 104.49451, , 0.00001, 104.58102, 0.16746, 104.74848, -0.05386, 0.06472, 0.06472, 18
18/12/2022, 19:48:37, 2147483647, BTCUSDT, BUY , 0.00, 0.00624000, 16740.804, 0.00624000, 104.46262, Filled, , 0.00624, , , -104.46262, 0.00625, 0.11841, 104.63002, 104.74843, -0.00005, 0.06466, 0.06466
18/12/2022, 20:05:16, 2147483647, BTCUSDT, SELL, 0.00, 0.00625000, 16759.794, 0.00625000, 104.74871, Filled, , , -0.00625, 104.74871, , -0.00000, 104.86712, -0.00000, 104.86712, 0.11869, 0.18335, 0.18335, 19
18/12/2022, 20:56:11, 2147483647, BTCUSDT, BUY , 0.00, 0.00625000, 16756.342, 0.00625000, 104.72714, Filled, , 0.00625, , , -104.72714, 0.00625, 0.13998, 104.72714, 104.86712, 0.00000, 0.18335, 0.18335
18/12/2022, 21:09:37, 2147483647, BTCUSDT, SELL, 0.00, 0.00624000, 16771.909, 0.00624000, 104.65671, Filled, , , -0.00624, 104.65671, , 0.00001, 104.79669, 0.16772, 104.96441, 0.09729, 0.28064, 0.28064, 20
18/12/2022, 21:24:02, 2147483647, BTCUSDT, BUY , 0.00, 0.00625000, 16741.870, 0.00625000, 104.63669, Filled, , 0.00625, , , -104.63669, 0.00626, 0.16000, 104.80411, 104.96411, -0.00030, 0.28034, 0.28034
18/12/2022, 21:38:19, 2147483647, BTCUSDT, SELL, 0.00, 0.00625000, 16742.920, 0.00625000, 104.64325, Filled, , , -0.00625, 104.64325, , 0.00001, 104.80325, 0.16743, 104.97068, 0.00657, 0.28692, 0.28692, 21
18/12/2022, 21:39:36, 2147483647, BTCUSDT, BUY , 0.00, 0.00625000, 16745.230, 0.00625000, 104.65769, Filled, , 0.00625, , , -104.65769, 0.00626, 0.14557, 104.82514, 104.97071, 0.00002, 0.28694, 0.28694
18/12/2022, 21:41:46, 2147483647, BTCUSDT, SELL, 0.00, 0.00625000, 16745.550, 0.00625000, 104.65969, Filled, , , -0.00625, 104.65969, , 0.00001, 104.80525, 0.16746, 104.97271, 0.00200, 0.28894, 0.28894, 22
18/12/2022, 23:31:26, 2147483647, BTCUSDT, BUY , 0.00, 0.00624000, 16781.650, 0.00624000, 104.71750, Filled, , 0.00624, , , -104.71750, 0.00625, 0.08776, 104.88531, 104.97307, 0.00036, 0.28930, 0.28930, 22.5, 0.27636%, 0.27636%, 1

19/12/2022, 00:17:02, 2147483647, BTCUSDT, SELL, 0.00, 0.00624000, 16758.420, 0.00624000, 104.57254, Filled, , , -0.00624, 104.57254, , 0.00001, 104.66030, 0.16758, 104.82788, -0.14519, 0.14412, -0.14519, 1
19/12/2022, 00:49:08, 2147483647, BTCUSDT, BUY , 0.00, 0.00624000, 16771.010, 0.00624000, 104.65110, Filled, , 0.00624, , , -104.65110, 0.00625, 0.00920, 104.81881, 104.82801, 0.00013, 0.14424, -0.14506
19/12/2022, 00:58:01, 2147483647, BTCUSDT, SELL, 0.00, 0.00625000, 16779.390, 0.00625000, 104.87119, Filled, , , -0.00625, 104.87119, , -0.00000, 104.88038, -0.00000, 104.88038, 0.05238, 0.19662, -0.09269, 2
19/12/2022, 01:56:46, 2147483647, BTCUSDT, BUY , 0.00, 0.00624000, 16782.164, 0.00624000, 104.72070, Filled, , 0.00624, , , -104.72070, 0.00624, 0.15968, 104.72070, 104.88038, 0.00000, 0.19662, -0.09269
19/12/2022, 02:02:11, 2147483647, BTCUSDT, SELL, 0.00, 0.00624000, 16778.370, 0.00624000, 104.69703, Filled, , , -0.00624, 104.69703, , -0.00000, 104.85671, -0.00000, 104.85671, -0.02367, 0.17294, -0.11636, 3
19/12/2022, 02:27:49, 2147483647, BTCUSDT, BUY , 0.00, 0.00625000, 16756.560, 0.00625000, 104.72850, Filled, , 0.00625, , , -104.72850, 0.00625, 0.12821, 104.72850, 104.85671, 0.00000, 0.17294, -0.11636
19/12/2022, 02:53:08, 2147483647, BTCUSDT, SELL, 0.00, 0.00625000, 16736.810, 0.00625000, 104.60506, Filled, , , -0.00625, 104.60506, , -0.00000, 104.73327, -0.00000, 104.73327, -0.12344, 0.04951, -0.23980, 4
19/12/2022, 03:47:35, 2147483647, BTCUSDT, BUY , 0.00, 0.00628000, 16666.157, 0.00628000, 104.66347, Filled, , 0.00628, , , -104.66347, 0.00628, 0.06981, 104.66347, 104.73327, 0.00000, 0.04951, -0.23980
19/12/2022, 03:54:11, 2147483647, BTCUSDT, SELL, 0.00, 0.00627000, 16679.140, 0.00627000, 104.57821, Filled, , , -0.00627, 104.57821, , 0.00001, 104.64801, 0.16679, 104.81481, 0.08153, 0.13104, -0.15827, 5
19/12/2022, 05:05:07, 2147483647, BTCUSDT, BUY , 0.00, 0.00626000, 16712.132, 0.00626000, 104.61795, Filled, , 0.00626, , , -104.61795, 0.00627, 0.03007, 104.78507, 104.81514, 0.00033, 0.13137, -0.15794
19/12/2022, 05:12:52, 2147483647, BTCUSDT, SELL, 0.00, 0.00626000, 16714.710, 0.00626000, 104.63408, Filled, , , -0.00626, 104.63408, , 0.00001, 104.66415, 0.16715, 104.83130, 0.01616, 0.14753, -0.14177, 6
19/12/2022, 05:43:55, 2147483647, BTCUSDT, BUY , 0.00, 0.00626000, 16707.514, 0.00626000, 104.58904, Filled, , 0.00626, , , -104.58904, 0.00627, 0.07511, 104.75611, 104.83123, -0.00007, 0.14746, -0.14184
19/12/2022, 05:50:33, 2147483647, BTCUSDT, SELL, 0.00, 0.00627000, 16717.550, 0.00627000, 104.81904, Filled, , , -0.00627, 104.81904, , -0.00000, 104.89415, -0.00000, 104.89415, 0.06293, 0.21039, -0.07892, 7
19/12/2022, 07:43:46, 2147483647, BTCUSDT, BUY , 0.00, 0.00627000, 16713.130, 0.00627000, 104.79133, Filled, , 0.00627, , , -104.79133, 0.00627, 0.10283, 104.79133, 104.89415, 0.00000, 0.21039, -0.07892
19/12/2022, 08:04:51, 2147483647, BTCUSDT, SELL, 0.00, 0.00627000, 16729.360, 0.00627000, 104.89309, Filled, , , -0.00627, 104.89309, , -0.00000, 104.99591, -0.00000, 104.99591, 0.10176, 0.31215, 0.02284, 8
19/12/2022, 10:40:02, 2147483647, BTCUSDT, BUY , 0.00, 0.00626000, 16770.830, 0.00626000, 104.98540, Filled, , 0.00626, , , -104.98540, 0.00626, 0.01052, 104.98540, 104.99591, 0.00000, 0.31215, 0.02284
19/12/2022, 10:43:17, 2147483647, BTCUSDT, SELL, 0.00, 0.00626000, 16767.680, 0.00626000, 104.96568, Filled, , , -0.00626, 104.96568, , -0.00000, 104.97620, -0.00000, 104.97620, -0.01972, 0.29243, 0.00313, 9
19/12/2022, 13:14:11, 2147483647, BTCUSDT, BUY , 0.00, 0.00626000, 16746.710, 0.00626000, 104.83440, Filled, , 0.00626, , , -104.83440, 0.00626, 0.14179, 104.83440, 104.97620, 0.00000, 0.29243, 0.00313
19/12/2022, 13:19:42, 2147483647, BTCUSDT, SELL, 0.00, 0.00625000, 16744.080, 0.00625000, 104.65050, Filled, , , -0.00625, 104.65050, , 0.00001, 104.79229, 0.16744, 104.95973, -0.01646, 0.27597, -0.01334, 10
19/12/2022, 13:50:43, 2147483647, BTCUSDT, BUY , 0.00, 0.00626000, 16722.828, 0.00626000, 104.68490, Filled, , 0.00626, , , -104.68490, 0.00627, 0.10739, 104.85213, 104.95952, -0.00021, 0.27575, -0.01355
19/12/2022, 13:57:18, 2147483647, BTCUSDT, SELL, 0.00, 0.00626000, 16724.270, 0.00626000, 104.69393, Filled, , , -0.00626, 104.69393, , 0.00001, 104.80132, 0.16724, 104.96856, 0.00904, 0.28480, -0.00451, 11
19/12/2022, 15:46:05, 2147483647, BTCUSDT, BUY , 0.00, 0.00627000, 16702.930, 0.00627000, 104.72737, Filled, , 0.00627, , , -104.72737, 0.00628, 0.07395, 104.89440, 104.96835, -0.00021, 0.28458, -0.00472
19/12/2022, 16:10:18, 2147483647, BTCUSDT, SELL, 0.00, 0.00627000, 16677.400, 0.00627000, 104.56730, Filled, , , -0.00627, 104.56730, , 0.00001, 104.64125, 0.16677, 104.80802, -0.16033, 0.12425, -0.16505, 12
19/12/2022, 16:30:16, 2147483647, BTCUSDT, BUY , 0.00, 0.00628000, 16638.690, 0.00628000, 104.49097, Filled, , 0.00628, , , -104.49097, 0.00629, 0.15027, 104.65736, 104.80763, -0.00039, 0.12387, -0.16544
19/12/2022, 16:52:26, 2147483647, BTCUSDT, SELL, 0.00, 0.00629000, 16639.500, 0.00629000, 104.66245, Filled, , , -0.00629, 104.66245, , -0.00000, 104.81273, -0.00000, 104.81273, 0.00509, 0.12896, -0.16034, 13
19/12/2022, 18:43:20, 2147483647, BTCUSDT, BUY , 0.00, 0.00631000, 16593.566, 0.00631000, 104.70540, Filled, , 0.00631, , , -104.70540, 0.00631, 0.10733, 104.70540, 104.81273, 0.00000, 0.12896, -0.16034
19/12/2022, 19:11:08, 2147483647, BTCUSDT, SELL, 0.00, 0.00631000, 16560.930, 0.00631000, 104.49947, Filled, , , -0.00631, 104.49947, , -0.00000, 104.60679, -0.00000, 104.60679, -0.20593, -0.07697, -0.36628, 14
19/12/2022, 19:32:12, 2147483647, BTCUSDT, BUY , 0.00, 0.00631000, 16551.380, 0.00631000, 104.43921, Filled, , 0.00631, , , -104.43921, 0.00631, 0.16759, 104.43921, 104.60679, 0.00000, -0.07697, -0.36628
19/12/2022, 19:34:31, 2147483647, BTCUSDT, SELL, 0.00, 0.00631000, 16552.100, 0.00631000, 104.44375, Filled, , , -0.00631, 104.44375, , -0.00000, 104.61134, -0.00000, 104.61134, 0.00454, -0.07243, -0.36173, 15
19/12/2022, 20:05:27, 2147483647, BTCUSDT, BUY , 0.00, 0.00631000, 16559.610, 0.00631000, 104.49114, Filled, , 0.00631, , , -104.49114, 0.00631, 0.12020, 104.49114, 104.61134, 0.00000, -0.07243, -0.36173
19/12/2022, 20:07:50, 2147483647, BTCUSDT, SELL, 0.00, 0.00630000, 16561.570, 0.00630000, 104.33789, Filled, , , -0.00630, 104.33789, , 0.00001, 104.45809, 0.16562, 104.62370, 0.01237, -0.06006, -0.34937, 16
19/12/2022, 22:04:12, 2147483647, BTCUSDT, BUY , 0.00, 0.00629000, 16595.730, 0.00629000, 104.38714, Filled, , 0.00629, , , -104.38714, 0.00630, 0.07095, 104.55310, 104.62405, 0.00034, -0.05972, -0.34902
19/12/2022, 22:10:57, 2147483647, BTCUSDT, SELL, 0.00, 0.00629000, 16603.710, 0.00629000, 104.43734, Filled, , , -0.00629, 104.43734, , 0.00001, 104.50828, 0.16604, 104.67432, 0.05027, -0.00945, -0.29875, 17
19/12/2022, 23:20:52, 2147483647, BTCUSDT, BUY , 0.00, 0.00637000, 16383.470, 0.00637000, 104.36270, Filled, , 0.00637, , , -104.36270, 0.00638, 0.14558, 104.52654, 104.67212, -0.00220, -0.01165, -0.30095
19/12/2022, 23:28:28, 2147483647, BTCUSDT, SELL, 0.00, 0.00637000, 16420.430, 0.00637000, 104.59814, Filled, , , -0.00637, 104.59814, , 0.00001, 104.74372, 0.16420, 104.90792, 0.23580, 0.22416, -0.06515, 18, -0.06206%, 0.21413%, 2

20/12/2022, 01:19:21, 2147483647, BTCUSDT, BUY , 0.00, 0.00635000, 16477.619, 0.00635000, 104.63288, Filled, , 0.00635, , , -104.63288, 0.00636, 0.11084, 104.79766, 104.90849, 0.00057, 0.22473, 0.00057
20/12/2022, 01:22:48, 2147483647, BTCUSDT, SELL, 0.00, 0.00635000, 16481.440, 0.00635000, 104.65714, Filled, , , -0.00635, 104.65714, , 0.00001, 104.76798, 0.16481, 104.93280, 0.02430, 0.24903, 0.02487, 1
20/12/2022, 02:09:13, 2147483647, BTCUSDT, BUY , 0.00, 0.00632000, 16563.650, 0.00632000, 104.68227, Filled, , 0.00632, , , -104.68227, 0.00633, 0.08571, 104.84790, 104.93362, 0.00082, 0.24985, 0.02570
20/12/2022, 02:13:46, 2147483647, BTCUSDT, SELL, 0.00, 0.00632000, 16563.274, 0.00632000, 104.67989, Filled, , , -0.00632, 104.67989, , 0.00001, 104.76560, 0.16563, 104.93124, -0.00238, 0.24747, 0.02331, 2
20/12/2022, 03:19:11, 2147483647, BTCUSDT, BUY , 0.00, 0.00627000, 16689.400, 0.00627000, 104.64254, Filled, , 0.00627, , , -104.64254, 0.00628, 0.12306, 104.80943, 104.93250, 0.00126, 0.24873, 0.02457
20/12/2022, 03:32:29, 2147483647, BTCUSDT, SELL, 0.00, 0.00627000, 16704.960, 0.00627000, 104.74010, Filled, , , -0.00627, 104.74010, , 0.00001, 104.86316, 0.16705, 105.03021, 0.09772, 0.34645, 0.12229, 3
20/12/2022, 03:46:54, 2147483647, BTCUSDT, BUY , 0.00, 0.00628000, 16692.200, 0.00628000, 104.82702, Filled, , 0.00628, , , -104.82702, 0.00629, 0.03615, 104.99394, 105.03009, -0.00013, 0.34632, 0.12216
20/12/2022, 03:53:32, 2147483647, BTCUSDT, SELL, 0.00, 0.00628000, 16705.729, 0.00628000, 104.91198, Filled, , , -0.00628, 104.91198, , 0.00001, 104.94813, 0.16706, 105.11518, 0.08510, 0.43142, 0.20726, 4
20/12/2022, 05:13:14, 2147483647, BTCUSDT, BUY , 0.00, 0.00625000, 16782.100, 0.00625000, 104.88813, Filled, , 0.00625, , , -104.88813, 0.00626, 0.06000, 105.05595, 105.11595, 0.00076, 0.43218, 0.20802
20/12/2022, 05:38:52, 2147483647, BTCUSDT, SELL, 0.00, 0.00626000, 16762.716, 0.00626000, 104.93460, Filled, , , -0.00626, 104.93460, , -0.00000, 104.99460, -0.00000, 104.99460, -0.12134, 0.31084, 0.08668, 5
20/12/2022, 07:17:26, 2147483647, BTCUSDT, BUY , 0.00, 0.00624000, 16812.400, 0.00624000, 104.90938, Filled, , 0.00624, , , -104.90938, 0.00624, 0.08523, 104.90938, 104.99460, 0.00000, 0.31084, 0.08668
20/12/2022, 07:35:14, 2147483647, BTCUSDT, SELL, 0.00, 0.00624000, 16796.990, 0.00624000, 104.81322, Filled, , , -0.00624, 104.81322, , -0.00000, 104.89845, -0.00000, 104.89845, -0.09616, 0.21468, -0.00948, 6
20/12/2022, 07:47:27, 2147483647, BTCUSDT, BUY , 0.00, 0.00624000, 16797.870, 0.00624000, 104.81871, Filled, , 0.00624, , , -104.81871, 0.00624, 0.07974, 104.81871, 104.89845, 0.00000, 0.21468, -0.00948
20/12/2022, 07:55:12, 2147483647, BTCUSDT, SELL, 0.00, 0.00623000, 16808.240, 0.00623000, 104.71534, Filled, , , -0.00623, 104.71534, , 0.00001, 104.79507, 0.16808, 104.96315, 0.06471, 0.27939, 0.05523, 7
20/12/2022, 09:10:45, 2147483647, BTCUSDT, BUY , 0.00, 0.00622000, 16822.850, 0.00622000, 104.63813, Filled, , 0.00622, , , -104.63813, 0.00623, 0.15694, 104.80636, 104.96330, 0.00015, 0.27953, 0.05538
20/12/2022, 09:12:58, 2147483647, BTCUSDT, SELL, 0.00, 0.00623000, 16821.630, 0.00623000, 104.79875, Filled, , , -0.00623, 104.79875, , -0.00000, 104.95570, -0.00000, 104.95570, -0.00760, 0.27193, 0.04778, 8
20/12/2022, 09:59:27, 2147483647, BTCUSDT, BUY , 0.00, 0.00624000, 16812.089, 0.00624000, 104.90744, Filled, , 0.00624, , , -104.90744, 0.00624, 0.04826, 104.90744, 104.95570, 0.00000, 0.27193, 0.04778
20/12/2022, 10:09:33, 2147483647, BTCUSDT, SELL, 0.00, 0.00624000, 16804.070, 0.00624000, 104.85740, Filled, , , -0.00624, 104.85740, , -0.00000, 104.90566, -0.00000, 104.90566, -0.05004, 0.22189, -0.00226, 9
20/12/2022, 10:21:45, 2147483647, BTCUSDT, BUY , 0.00, 0.00624000, 16797.833, 0.00624000, 104.81848, Filled, , 0.00624, , , -104.81848, 0.00624, 0.08718, 104.81848, 104.90566, 0.00000, 0.22189, -0.00226
20/12/2022, 10:27:09, 2147483647, BTCUSDT, SELL, 0.00, 0.00623000, 16800.140, 0.00623000, 104.66487, Filled, , , -0.00623, 104.66487, , 0.00001, 104.75205, 0.16800, 104.92005, 0.01439, 0.23628, 0.01213, 10
20/12/2022, 10:43:59, 2147483647, BTCUSDT, BUY , 0.00, 0.00624000, 16781.500, 0.00624000, 104.71656, Filled, , 0.00624, , , -104.71656, 0.00625, 0.03549, 104.88437, 104.91986, -0.00019, 0.23610, 0.01194
20/12/2022, 10:51:45, 2147483647, BTCUSDT, SELL, 0.00, 0.00625000, 16782.007, 0.00625000, 104.88754, Filled, , , -0.00625, 104.88754, , -0.00000, 104.92303, -0.00000, 104.92303, 0.00317, 0.23927, 0.01511, 11
20/12/2022, 11:40:25, 2147483647, BTCUSDT, BUY , 0.00, 0.00624000, 16810.336, 0.00624000, 104.89650, Filled, , 0.00624, , , -104.89650, 0.00624, 0.02653, 104.89650, 104.92303, 0.00000, 0.23927, 0.01511
20/12/2022, 11:47:13, 2147483647, BTCUSDT, SELL, 0.00, 0.00623000, 16815.099, 0.00623000, 104.75807, Filled, , , -0.00623, 104.75807, , 0.00001, 104.78460, 0.16815, 104.95275, 0.02972, 0.26899, 0.04483, 12
20/12/2022, 13:06:02, 2147483647, BTCUSDT, BUY , 0.00, 0.00623000, 16815.369, 0.00623000, 104.75975, Filled, , 0.00623, , , -104.75975, 0.00624, 0.02485, 104.92790, 104.95276, 0.00000, 0.26899, 0.04483
20/12/2022, 13:21:34, 2147483647, BTCUSDT, SELL, 0.00, 0.00623000, 16825.050, 0.00623000, 104.82006, Filled, , , -0.00623, 104.82006, , 0.00001, 104.84492, 0.16825, 105.01317, 0.06041, 0.32940, 0.10524, 13
20/12/2022, 14:29:12, 2147483647, BTCUSDT, BUY , 0.00, 0.00624000, 16793.690, 0.00624000, 104.79262, Filled, , 0.00624, , , -104.79262, 0.00625, 0.05229, 104.96056, 105.01285, -0.00031, 0.32909, 0.10493
20/12/2022, 14:33:35, 2147483647, BTCUSDT, SELL, 0.00, 0.00624000, 16820.072, 0.00624000, 104.95725, Filled, , , -0.00624, 104.95725, , 0.00001, 105.00954, 0.16820, 105.17774, 0.16489, 0.49398, 0.26982, 14
20/12/2022, 15:50:11, 2147483647, BTCUSDT, BUY , 0.00, 0.00620000, 16934.600, 0.00620000, 104.99452, Filled, , 0.00620, , , -104.99452, 0.00621, 0.01502, 105.16387, 105.17889, 0.00115, 0.49512, 0.27097
20/12/2022, 16:16:49, 2147483647, BTCUSDT, SELL, 0.00, 0.00620000, 16826.600, 0.00620000, 104.32492, Filled, , , -0.00620, 104.32492, , 0.00001, 104.33994, 0.16827, 104.50821, -0.67068, -0.17556, -0.39971, 15
20/12/2022, 17:22:16, 2147483647, BTCUSDT, BUY , 0.00, 0.00620000, 16806.490, 0.00620000, 104.20024, Filled, , 0.00620, , , -104.20024, 0.00621, 0.13970, 104.36830, 104.50801, -0.00020, -0.17576, -0.39992
20/12/2022, 17:30:10, 2147483647, BTCUSDT, SELL, 0.00, 0.00621000, 16811.789, 0.00621000, 104.40121, Filled, , , -0.00621, 104.40121, , -0.00000, 104.54091, -0.00000, 104.54091, 0.03290, -0.14285, -0.36701, 16
20/12/2022, 17:41:15, 2147483647, BTCUSDT, BUY , 0.00, 0.00621000, 16811.740, 0.00621000, 104.40091, Filled, , 0.00621, , , -104.40091, 0.00621, 0.14001, 104.40091, 104.54091, 0.00000, -0.14285, -0.36701
20/12/2022, 17:45:39, 2147483647, BTCUSDT, SELL, 0.00, 0.00620000, 16810.200, 0.00620000, 104.22324, Filled, , , -0.00620, 104.22324, , 0.00001, 104.36325, 0.16810, 104.53135, -0.00956, -0.15242, -0.37657, 17
20/12/2022, 18:24:33, 2147483647, BTCUSDT, BUY , 0.00, 0.00621000, 16786.370, 0.00621000, 104.24336, Filled, , 0.00621, , , -104.24336, 0.00622, 0.11989, 104.41122, 104.53111, -0.00024, -0.15266, -0.37681
20/12/2022, 18:31:08, 2147483647, BTCUSDT, SELL, 0.00, 0.00621000, 16821.010, 0.00621000, 104.45847, Filled, , , -0.00621, 104.45847, , 0.00001, 104.57836, 0.16821, 104.74657, 0.21546, 0.06280, -0.16135, 18
20/12/2022, 20:45:17, 2147483647, BTCUSDT, BUY , 0.00, 0.00619000, 16889.100, 0.00619000, 104.54353, Filled, , 0.00619, , , -104.54353, 0.00620, 0.03483, 104.71242, 104.74725, 0.00068, 0.06349, -0.16067
20/12/2022, 20:52:07, 2147483647, BTCUSDT, SELL, 0.00, 0.00620000, 16889.224, 0.00620000, 104.71319, Filled, , , -0.00620, 104.71319, , -0.00000, 104.74802, -0.00000, 104.74802, 0.00077, 0.06425, -0.15990, 19
20/12/2022, 20:54:06, 2147483647, BTCUSDT, BUY , 0.00, 0.00620000, 16878.560, 0.00620000, 104.64707, Filled, , 0.00620, , , -104.64707, 0.00620, 0.10095, 104.64707, 104.74802, 0.00000, 0.06425, -0.15990
20/12/2022, 21:09:56, 2147483647, BTCUSDT, SELL, 0.00, 0.00620000, 16857.250, 0.00620000, 104.51495, Filled, , , -0.00620, 104.51495, , -0.00000, 104.61590, -0.00000, 104.61590, -0.13212, -0.06787, -0.29203, 20
20/12/2022, 22:10:58, 2147483647, BTCUSDT, BUY , 0.00, 0.00619000, 16883.600, 0.00619000, 104.50948, Filled, , 0.00619, , , -104.50948, 0.00619, 0.10641, 104.50948, 104.61590, -0.00000, -0.06787, -0.29203
20/12/2022, 22:16:32, 2147483647, BTCUSDT, SELL, 0.00, 0.00619000, 16889.843, 0.00619000, 104.54813, Filled, , , -0.00619, 104.54813, , -0.00000, 104.65454, -0.00000, 104.65454, 0.03865, -0.02922, -0.25338, 21
20/12/2022, 23:51:55, 2147483647, BTCUSDT, BUY , 0.00, 0.00619000, 16894.340, 0.00619000, 104.57596, Filled, , 0.00619, , , -104.57596, 0.00619, 0.07858, 104.57596, 104.65454, 0.00000, -0.02922, -0.25338
20/12/2022, 23:57:17, 2147483647, BTCUSDT, SELL, 0.00, 0.00618000, 16906.651, 0.00618000, 104.48310, Filled, , , -0.00618, 104.48310, , 0.00001, 104.56168, 0.16907, 104.73075, 0.07620, 0.04698, -0.17718, 22, -0.16889%, 0.04488%, 3

21/12/2022, 03:04:57, 2147483647, BTCUSDT, BUY , 0.00, 0.00620000, 16847.952, 0.00620000, 104.45730, Filled, , 0.00620, , , -104.45730, 0.00621, 0.10438, 104.62578, 104.73016, -0.00059, 0.04639, -0.00059
21/12/2022, 03:28:13, 2147483647, BTCUSDT, SELL, 0.00, 0.00621000, 16821.640, 0.00621000, 104.46238, Filled, , , -0.00621, 104.46238, , -0.00000, 104.56676, -0.00000, 104.56676, -0.16340, -0.11700, -0.16398, 1
21/12/2022, 04:11:19, 2147483647, BTCUSDT, BUY , 0.00, 0.00621000, 16819.620, 0.00621000, 104.44984, Filled, , 0.00621, , , -104.44984, 0.00621, 0.11692, 104.44984, 104.56676, 0.00000, -0.11700, -0.16398
21/12/2022, 04:22:23, 2147483647, BTCUSDT, SELL, 0.00, 0.00621000, 16819.620, 0.00621000, 104.44984, Filled, , , -0.00621, 104.44984, , -0.00000, 104.56676, -0.00000, 104.56676, 0.00000, -0.11700, -0.16398, 2
21/12/2022, 04:32:31, 2147483647, BTCUSDT, BUY , 0.00, 0.00622000, 16807.630, 0.00622000, 104.54346, Filled, , 0.00622, , , -104.54346, 0.00622, 0.02330, 104.54346, 104.56676, 0.00000, -0.11700, -0.16398
21/12/2022, 04:39:10, 2147483647, BTCUSDT, SELL, 0.00, 0.00622000, 16809.790, 0.00622000, 104.55689, Filled, , , -0.00622, 104.55689, , -0.00000, 104.58020, -0.00000, 104.58020, 0.01344, -0.10357, -0.15055, 3
21/12/2022, 06:54:22, 2147483647, BTCUSDT, BUY , 0.00, 0.00621000, 16838.920, 0.00621000, 104.56969, Filled, , 0.00621, , , -104.56969, 0.00621, 0.01050, 104.56969, 104.58020, -0.00000, -0.10357, -0.15055
21/12/2022, 06:55:39, 2147483647, BTCUSDT, SELL, 0.00, 0.00621000, 16834.780, 0.00621000, 104.54398, Filled, , , -0.00621, 104.54398, , -0.00000, 104.55449, -0.00000, 104.55449, -0.02571, -0.12928, -0.17626, 4
21/12/2022, 06:56:44, 2147483647, BTCUSDT, BUY , 0.00, 0.00620000, 16836.470, 0.00620000, 104.38611, Filled, , 0.00620, , , -104.38611, 0.00620, 0.16837, 104.38611, 104.55449, 0.00000, -0.12928, -0.17626
21/12/2022, 07:10:02, 2147483647, BTCUSDT, SELL, 0.00, 0.00620000, 16836.820, 0.00620000, 104.38828, Filled, , , -0.00620, 104.38828, , -0.00000, 104.55666, -0.00000, 104.55666, 0.00217, -0.12711, -0.17409, 5
21/12/2022, 08:07:40, 2147483647, BTCUSDT, BUY , 0.00, 0.00621000, 16810.500, 0.00621000, 104.39320, Filled, , 0.00621, , , -104.39320, 0.00621, 0.16345, 104.39320, 104.55666, 0.00000, -0.12711, -0.17409
21/12/2022, 08:18:46, 2147483647, BTCUSDT, SELL, 0.00, 0.00621000, 16813.120, 0.00621000, 104.40948, Filled, , , -0.00621, 104.40948, , -0.00000, 104.57293, -0.00000, 104.57293, 0.01627, -0.11084, -0.15782, 6
21/12/2022, 09:27:25, 2147483647, BTCUSDT, BUY , 0.00, 0.00620000, 16858.240, 0.00620000, 104.52109, Filled, , 0.00620, , , -104.52109, 0.00620, 0.05184, 104.52109, 104.57293, 0.00000, -0.11084, -0.15782
21/12/2022, 09:39:46, 2147483647, BTCUSDT, SELL, 0.00, 0.00620000, 16854.085, 0.00620000, 104.49533, Filled, , , -0.00620, 104.49533, , -0.00000, 104.54717, -0.00000, 104.54717, -0.02576, -0.13660, -0.18358, 7
21/12/2022, 10:08:37, 2147483647, BTCUSDT, BUY , 0.00, 0.00619000, 16867.490, 0.00619000, 104.40976, Filled, , 0.00619, , , -104.40976, 0.00619, 0.13740, 104.40976, 104.54717, 0.00000, -0.13660, -0.18358
21/12/2022, 10:25:15, 2147483647, BTCUSDT, SELL, 0.00, 0.00618000, 16879.650, 0.00618000, 104.31624, Filled, , , -0.00618, 104.31624, , 0.00001, 104.45364, 0.16880, 104.62244, 0.07527, -0.06133, -0.10831, 8
21/12/2022, 11:37:14, 2147483647, BTCUSDT, BUY , 0.00, 0.00619000, 16865.796, 0.00619000, 104.39928, Filled, , 0.00619, , , -104.39928, 0.00620, 0.05436, 104.56794, 104.62230, -0.00014, -0.06147, -0.10845
21/12/2022, 11:38:29, 2147483647, BTCUSDT, SELL, 0.00, 0.00619000, 16865.220, 0.00619000, 104.39571, Filled, , , -0.00619, 104.39571, , 0.00001, 104.45007, 0.16865, 104.61872, -0.00357, -0.06504, -0.11202, 9
21/12/2022, 15:56:59, 2147483647, BTCUSDT, BUY , 0.00, 0.00619000, 16848.573, 0.00619000, 104.29266, Filled, , 0.00619, , , -104.29266, 0.00620, 0.15741, 104.46115, 104.61856, -0.00017, -0.06521, -0.11219
21/12/2022, 15:58:08, 2147483647, BTCUSDT, SELL, 0.00, 0.00619000, 16848.930, 0.00619000, 104.29488, Filled, , , -0.00619, 104.29488, , 0.00001, 104.45228, 0.16849, 104.62077, 0.00222, -0.06299, -0.10997, 10
21/12/2022, 16:22:27, 2147483647, BTCUSDT, BUY , 0.00, 0.00620000, 16833.040, 0.00620000, 104.36485, Filled, , 0.00620, , , -104.36485, 0.00621, 0.08744, 104.53318, 104.62062, -0.00016, -0.06315, -0.11013
21/12/2022, 17:13:38, 2147483647, BTCUSDT, SELL, 0.00, 0.00620000, 16799.300, 0.00620000, 104.15566, Filled, , , -0.00620, 104.15566, , 0.00001, 104.24310, 0.16799, 104.41109, -0.20953, -0.27268, -0.31966, 11
21/12/2022, 18:23:38, 2147483647, BTCUSDT, BUY , 0.00, 0.00620000, 16807.970, 0.00620000, 104.20941, Filled, , 0.00620, , , -104.20941, 0.00621, 0.03368, 104.37749, 104.41118, 0.00009, -0.27259, -0.31957
21/12/2022, 18:34:36, 2147483647, BTCUSDT, SELL, 0.00, 0.00620000, 16804.633, 0.00620000, 104.18872, Filled, , , -0.00620, 104.18872, , 0.00001, 104.22241, 0.16805, 104.39045, -0.02072, -0.29331, -0.34029, 12
21/12/2022, 20:06:42, 2147483647, BTCUSDT, BUY , 0.00, 0.00622000, 16739.800, 0.00622000, 104.12156, Filled, , 0.00622, , , -104.12156, 0.00623, 0.10085, 104.28895, 104.38980, -0.00065, -0.29396, -0.34094
21/12/2022, 20:18:54, 2147483647, BTCUSDT, SELL, 0.00, 0.00622000, 16761.860, 0.00622000, 104.25877, Filled, , , -0.00622, 104.25877, , 0.00001, 104.35962, 0.16762, 104.52724, 0.13743, -0.15653, -0.20351, 13
21/12/2022, 22:31:11, 2147483647, BTCUSDT, BUY , 0.00, 0.00622000, 16761.570, 0.00622000, 104.25697, Filled, , 0.00622, , , -104.25697, 0.00623, 0.10265, 104.42458, 104.52723, -0.00000, -0.15653, -0.20351
21/12/2022, 22:39:05, 2147483647, BTCUSDT, SELL, 0.00, 0.00622000, 16771.620, 0.00622000, 104.31948, Filled, , , -0.00622, 104.31948, , 0.00001, 104.42213, 0.16772, 104.58985, 0.06261, -0.09392, -0.14090, 14
21/12/2022, 23:02:16, 2147483647, BTCUSDT, BUY , 0.00, 0.00622000, 16764.140, 0.00622000, 104.27295, Filled, , 0.00622, , , -104.27295, 0.00623, 0.14918, 104.44059, 104.58977, -0.00007, -0.09400, -0.14098
21/12/2022, 23:03:31, 2147483647, BTCUSDT, SELL, 0.00, 0.00623000, 16755.321, 0.00623000, 104.38565, Filled, , , -0.00623, 104.38565, , -0.00000, 104.53483, -0.00000, 104.53483, -0.05494, -0.14894, -0.19592, 15, -0.18707%, -0.14227%, 4

22/12/2022, 01:23:07, 2147483647, BTCUSDT, BUY , 0.00, 0.00620000, 16844.910, 0.00620000, 104.43844, Filled, , 0.00620, , , -104.43844, 0.00620, 0.09639, 104.43844, 104.53483, 0.00000, -0.14894, 0.00000
22/12/2022, 01:28:40, 2147483647, BTCUSDT, SELL, 0.00, 0.00620000, 16837.510, 0.00620000, 104.39256, Filled, , , -0.00620, 104.39256, , -0.00000, 104.48895, -0.00000, 104.48895, -0.04588, -0.19482, -0.04588, 1
22/12/2022, 01:36:21, 2147483647, BTCUSDT, BUY , 0.00, 0.00620000, 16834.370, 0.00620000, 104.37309, Filled, , 0.00620, , , -104.37309, 0.00620, 0.11586, 104.37309, 104.48895, 0.00000, -0.19482, -0.04588
22/12/2022, 01:43:06, 2147483647, BTCUSDT, SELL, 0.00, 0.00619000, 16839.352, 0.00619000, 104.23559, Filled, , , -0.00619, 104.23559, , 0.00001, 104.35145, 0.16839, 104.51984, 0.03089, -0.16393, -0.01499, 2
22/12/2022, 03:43:59, 2147483647, BTCUSDT, BUY , 0.00, 0.00619000, 16837.090, 0.00619000, 104.22159, Filled, , 0.00619, , , -104.22159, 0.00620, 0.12986, 104.38996, 104.51982, -0.00002, -0.16395, -0.01501
22/12/2022, 03:58:16, 2147483647, BTCUSDT, SELL, 0.00, 0.00620000, 16851.930, 0.00620000, 104.48197, Filled, , , -0.00620, 104.48197, , -0.00000, 104.61182, -0.00000, 104.61182, 0.09201, -0.07194, 0.07700, 3
22/12/2022, 05:02:45, 2147483647, BTCUSDT, BUY , 0.00, 0.00621000, 16829.690, 0.00621000, 104.51237, Filled, , 0.00621, , , -104.51237, 0.00621, 0.09945, 104.51237, 104.61182, 0.00000, -0.07194, 0.07700
22/12/2022, 05:21:37, 2147483647, BTCUSDT, SELL, 0.00, 0.00620000, 16833.350, 0.00620000, 104.36677, Filled, , , -0.00620, 104.36677, , 0.00001, 104.46622, 0.16833, 104.63455, 0.02273, -0.04921, 0.09972, 4
22/12/2022, 05:37:19, 2147483647, BTCUSDT, BUY , 0.00, 0.00620000, 16825.217, 0.00620000, 104.31634, Filled, , 0.00620, , , -104.31634, 0.00621, 0.14987, 104.48460, 104.63447, -0.00008, -0.04929, 0.09964
22/12/2022, 05:44:56, 2147483647, BTCUSDT, SELL, 0.00, 0.00620000, 16829.537, 0.00620000, 104.34313, Filled, , , -0.00620, 104.34313, , 0.00001, 104.49300, 0.16830, 104.66130, 0.02683, -0.02247, 0.12647, 5
22/12/2022, 07:12:22, 2147483647, BTCUSDT, BUY , 0.00, 0.00622000, 16796.246, 0.00622000, 104.47265, Filled, , 0.00622, , , -104.47265, 0.00623, 0.02035, 104.64061, 104.66096, -0.00033, -0.02280, 0.12613
22/12/2022, 07:18:03, 2147483647, BTCUSDT, SELL, 0.00, 0.00623000, 16809.780, 0.00623000, 104.72493, Filled, , , -0.00623, 104.72493, , -0.00000, 104.74528, -0.00000, 104.74528, 0.08432, 0.06152, 0.21045, 6
22/12/2022, 10:37:53, 2147483647, BTCUSDT, BUY , 0.00, 0.00622000, 16831.890, 0.00622000, 104.69436, Filled, , 0.00622, , , -104.69436, 0.00622, 0.05093, 104.69436, 104.74528, 0.00000, 0.06152, 0.21045
22/12/2022, 11:10:01, 2147483647, BTCUSDT, SELL, 0.00, 0.00621000, 16827.634, 0.00621000, 104.49960, Filled, , , -0.00621, 104.49960, , 0.00001, 104.55053, 0.16828, 104.71881, -0.02647, 0.03504, 0.18398, 7
22/12/2022, 13:05:22, 2147483647, BTCUSDT, BUY , 0.00, 0.00621000, 16819.140, 0.00621000, 104.44686, Filled, , 0.00621, , , -104.44686, 0.00622, 0.10367, 104.61505, 104.71872, -0.00008, 0.03496, 0.18389
22/12/2022, 13:07:44, 2147483647, BTCUSDT, SELL, 0.00, 0.00622000, 16804.510, 0.00622000, 104.52405, Filled, , , -0.00622, 104.52405, , -0.00000, 104.62772, -0.00000, 104.62772, -0.09100, -0.05604, 0.09290, 8
22/12/2022, 15:07:36, 2147483647, BTCUSDT, BUY , 0.00, 0.00627000, 16668.050, 0.00627000, 104.50867, Filled, , 0.00627, , , -104.50867, 0.00627, 0.11905, 104.50867, 104.62772, 0.00000, -0.05604, 0.09290
22/12/2022, 15:17:25, 2147483647, BTCUSDT, SELL, 0.00, 0.00626000, 16690.950, 0.00626000, 104.48535, Filled, , , -0.00626, 104.48535, , 0.00001, 104.60440, 0.16691, 104.77131, 0.14358, 0.08754, 0.23648, 9
22/12/2022, 15:37:26, 2147483647, BTCUSDT, BUY , 0.00, 0.00627000, 16669.917, 0.00627000, 104.52038, Filled, , 0.00627, , , -104.52038, 0.00628, 0.08402, 104.68708, 104.77110, -0.00021, 0.08733, 0.23627
22/12/2022, 16:09:43, 2147483647, BTCUSDT, SELL, 0.00, 0.00628000, 16642.930, 0.00628000, 104.51760, Filled, , , -0.00628, 104.51760, , -0.00000, 104.60162, -0.00000, 104.60162, -0.16948, -0.08214, 0.06679, 10
22/12/2022, 17:40:36, 2147483647, BTCUSDT, BUY , 0.00, 0.00630000, 16593.740, 0.00630000, 104.54056, Filled, , 0.00630, , , -104.54056, 0.00630, 0.06106, 104.54056, 104.60162, 0.00000, -0.08214, 0.06679
22/12/2022, 18:00:28, 2147483647, BTCUSDT, SELL, 0.00, 0.00630000, 16580.732, 0.00630000, 104.45861, Filled, , , -0.00630, 104.45861, , -0.00000, 104.51967, -0.00000, 104.51967, -0.08195, -0.16409, -0.01516, 11
22/12/2022, 18:31:39, 2147483647, BTCUSDT, BUY , 0.00, 0.00629000, 16589.180, 0.00629000, 104.34594, Filled, , 0.00629, , , -104.34594, 0.00629, 0.17373, 104.34594, 104.51967, 0.00000, -0.16409, -0.01516
22/12/2022, 18:39:20, 2147483647, BTCUSDT, SELL, 0.00, 0.00628000, 16607.140, 0.00628000, 104.29284, Filled, , , -0.00628, 104.29284, , 0.00001, 104.46657, 0.16607, 104.63264, 0.11297, -0.05112, 0.09781, 12
22/12/2022, 20:42:45, 2147483647, BTCUSDT, BUY , 0.00, 0.00623000, 16755.390, 0.00623000, 104.38608, Filled, , 0.00623, , , -104.38608, 0.00624, 0.08049, 104.55363, 104.63412, 0.00148, -0.04964, 0.09930
22/12/2022, 20:52:47, 2147483647, BTCUSDT, SELL, 0.00, 0.00623000, 16782.160, 0.00623000, 104.55286, Filled, , , -0.00623, 104.55286, , 0.00001, 104.63335, 0.16782, 104.80117, 0.16704, 0.11740, 0.26634, 13
22/12/2022, 23:33:46, 2147483647, BTCUSDT, BUY , 0.00, 0.00622000, 16803.880, 0.00622000, 104.52013, Filled, , 0.00622, , , -104.52013, 0.00623, 0.11321, 104.68817, 104.80139, 0.00022, 0.11762, 0.26656
22/12/2022, 23:42:30, 2147483647, BTCUSDT, SELL, 0.00, 0.00622000, 16827.270, 0.00622000, 104.66562, Filled, , , -0.00622, 104.66562, , 0.00001, 104.77883, 0.16827, 104.94711, 0.14572, 0.26334, 0.41228, 14, 0.39439%, 0.25156%, 5

23/12/2022, 02:14:25, 2147483647, BTCUSDT, BUY , 0.00, 0.00624000, 16788.720, 0.00624000, 104.76161, Filled, , 0.00624, , , -104.76161, 0.00625, 0.01722, 104.92950, 104.94672, -0.00039, 0.26295, -0.00039
23/12/2022, 02:28:57, 2147483647, BTCUSDT, SELL, 0.00, 0.00624000, 16797.127, 0.00624000, 104.81408, Filled, , , -0.00624, 104.81408, , 0.00001, 104.83130, 0.16797, 104.99927, 0.05255, 0.31550, 0.05216, 1
23/12/2022, 04:17:37, 2147483647, BTCUSDT, BUY , 0.00, 0.00623000, 16816.850, 0.00623000, 104.76898, Filled, , 0.00623, , , -104.76898, 0.00624, 0.06232, 104.93714, 104.99946, 0.00020, 0.31570, 0.05236
23/12/2022, 04:30:54, 2147483647, BTCUSDT, SELL, 0.00, 0.00623000, 16823.113, 0.00623000, 104.80799, Filled, , , -0.00623, 104.80799, , 0.00001, 104.87031, 0.16823, 105.03855, 0.03908, 0.35478, 0.09144, 2
23/12/2022, 05:20:44, 2147483647, BTCUSDT, BUY , 0.00, 0.00623000, 16830.880, 0.00623000, 104.85638, Filled, , 0.00623, , , -104.85638, 0.00624, 0.01393, 105.02469, 105.03862, 0.00008, 0.35486, 0.09152
23/12/2022, 05:32:56, 2147483647, BTCUSDT, SELL, 0.00, 0.00624000, 16824.527, 0.00624000, 104.98505, Filled, , , -0.00624, 104.98505, , -0.00000, 104.99898, -0.00000, 104.99898, -0.03964, 0.31522, 0.05188, 3
23/12/2022, 07:26:09, 2147483647, BTCUSDT, BUY , 0.00, 0.00623000, 16841.670, 0.00623000, 104.92360, Filled, , 0.00623, , , -104.92360, 0.00623, 0.07538, 104.92360, 104.99898, -0.00000, 0.31522, 0.05188
23/12/2022, 07:27:00, 2147483647, BTCUSDT, SELL, 0.00, 0.00622000, 16850.260, 0.00622000, 104.80862, Filled, , , -0.00622, 104.80862, , 0.00001, 104.88400, 0.16850, 105.05250, 0.05352, 0.36873, 0.10539, 4
23/12/2022, 11:14:56, 2147483647, BTCUSDT, BUY , 0.00, 0.00622000, 16847.560, 0.00622000, 104.79182, Filled, , 0.00622, , , -104.79182, 0.00623, 0.09217, 104.96030, 105.05247, -0.00003, 0.36870, 0.10536
23/12/2022, 11:30:19, 2147483647, BTCUSDT, SELL, 0.00, 0.00623000, 16848.640, 0.00623000, 104.96703, Filled, , , -0.00623, 104.96703, , -0.00000, 105.05920, -0.00000, 105.05920, 0.00673, 0.37543, 0.11209, 5
23/12/2022, 12:04:52, 2147483647, BTCUSDT, BUY , 0.00, 0.00623000, 16847.320, 0.00623000, 104.95880, Filled, , 0.00623, , , -104.95880, 0.00623, 0.10040, 104.95880, 105.05920, 0.00000, 0.37543, 0.11209
23/12/2022, 12:27:06, 2147483647, BTCUSDT, SELL, 0.00, 0.00623000, 16851.657, 0.00623000, 104.98582, Filled, , , -0.00623, 104.98582, , -0.00000, 105.08622, -0.00000, 105.08622, 0.02702, 0.40245, 0.13911, 6
23/12/2022, 13:39:09, 2147483647, BTCUSDT, BUY , 0.00, 0.00623000, 16865.320, 0.00623000, 105.07094, Filled, , 0.00623, , , -105.07094, 0.00623, 0.01527, 105.07094, 105.08622, 0.00000, 0.40245, 0.13911
23/12/2022, 13:50:13, 2147483647, BTCUSDT, SELL, 0.00, 0.00623000, 16890.890, 0.00623000, 105.23024, Filled, , , -0.00623, 105.23024, , -0.00000, 105.24552, -0.00000, 105.24552, 0.15930, 0.56175, 0.29841, 7
23/12/2022, 15:56:43, 2147483647, BTCUSDT, BUY , 0.00, 0.00624000, 16841.940, 0.00624000, 105.09371, Filled, , 0.00624, , , -105.09371, 0.00624, 0.15181, 105.09371, 105.24552, -0.00000, 0.56175, 0.29841
23/12/2022, 16:14:18, 2147483647, BTCUSDT, SELL, 0.00, 0.00623000, 16842.310, 0.00623000, 104.92759, Filled, , , -0.00623, 104.92759, , 0.00001, 105.07941, 0.16842, 105.24783, 0.00231, 0.56406, 0.30072, 8
23/12/2022, 16:53:16, 2147483647, BTCUSDT, BUY , 0.00, 0.00624000, 16822.064, 0.00624000, 104.96968, Filled, , 0.00624, , , -104.96968, 0.00625, 0.10973, 105.13790, 105.24763, -0.00020, 0.56386, 0.30052
23/12/2022, 17:03:14, 2147483647, BTCUSDT, SELL, 0.00, 0.00624000, 16833.590, 0.00624000, 105.04160, Filled, , , -0.00624, 105.04160, , 0.00001, 105.15133, 0.16834, 105.31967, 0.07204, 0.63590, 0.37256, 9
23/12/2022, 19:47:21, 2147483647, BTCUSDT, BUY , 0.00, 0.00623000, 16851.505, 0.00623000, 104.98488, Filled, , 0.00623, , , -104.98488, 0.00624, 0.16645, 105.15339, 105.31984, 0.00018, 0.63608, 0.37274
23/12/2022, 19:49:43, 2147483647, BTCUSDT, SELL, 0.00, 0.00623000, 16848.474, 0.00623000, 104.96599, Filled, , , -0.00623, 104.96599, , 0.00001, 105.13245, 0.16848, 105.30093, -0.01891, 0.61716, 0.35382, 10
23/12/2022, 20:03:03, 2147483647, BTCUSDT, BUY , 0.00, 0.00623000, 16847.870, 0.00623000, 104.96223, Filled, , 0.00623, , , -104.96223, 0.00624, 0.17022, 105.13071, 105.30092, -0.00001, 0.61716, 0.35382
23/12/2022, 20:04:10, 2147483647, BTCUSDT, SELL, 0.00, 0.00624000, 16844.640, 0.00624000, 105.11055, Filled, , , -0.00624, 105.11055, , -0.00000, 105.28077, -0.00000, 105.28077, -0.02016, 0.59700, 0.33366, 11
23/12/2022, 20:29:38, 2147483647, BTCUSDT, BUY , 0.00, 0.00625000, 16825.888, 0.00625000, 105.16180, Filled, , 0.00625, , , -105.16180, 0.00625, 0.11897, 105.16180, 105.28077, 0.00000, 0.59700, 0.33366
23/12/2022, 21:02:54, 2147483647, BTCUSDT, SELL, 0.00, 0.00624000, 16809.150, 0.00624000, 104.88910, Filled, , , -0.00624, 104.88910, , 0.00001, 105.00806, 0.16809, 105.17615, -0.10461, 0.49239, 0.22905, 12
23/12/2022, 22:16:04, 2147483647, BTCUSDT, BUY , 0.00, 0.00625000, 16784.330, 0.00625000, 104.90206, Filled, , 0.00625, , , -104.90206, 0.00626, 0.10600, 105.06991, 105.17591, -0.00025, 0.49214, 0.22880
23/12/2022, 22:31:26, 2147483647, BTCUSDT, SELL, 0.00, 0.00625000, 16793.640, 0.00625000, 104.96025, Filled, , , -0.00625, 104.96025, , 0.00001, 105.06625, 0.16794, 105.23419, 0.05828, 0.55042, 0.28708, 13
23/12/2022, 23:20:20, 2147483647, BTCUSDT, BUY , 0.00, 0.00625000, 16786.500, 0.00625000, 104.91563, Filled, , 0.00625, , , -104.91563, 0.00626, 0.15063, 105.08349, 105.23412, -0.00007, 0.55035, 0.28701
23/12/2022, 23:24:55, 2147483647, BTCUSDT, SELL, 0.00, 0.00625000, 16789.192, 0.00625000, 104.93245, Filled, , , -0.00625, 104.93245, , 0.00001, 105.08308, 0.16789, 105.25097, 0.01685, 0.56720, 0.30386, 14
23/12/2022, 23:42:36, 2147483647, BTCUSDT, BUY , 0.00, 0.00626000, 16777.620, 0.00626000, 105.02790, Filled, , 0.00626, , , -105.02790, 0.00627, 0.05518, 105.19568, 105.25085, -0.00012, 0.56709, 0.30375
23/12/2022, 23:53:41, 2147483647, BTCUSDT, SELL, 0.00, 0.00626000, 16781.500, 0.00626000, 105.05219, Filled, , , -0.00626, 105.05219, , 0.00001, 105.10737, 0.16781, 105.27518, 0.02433, 0.59141, 0.32808, 15
23/12/2022, 23:54:48, 2147483647, BTCUSDT, BUY , 0.00, 0.00626000, 16780.490, 0.00626000, 105.04587, Filled, , 0.00626, , , -105.04587, 0.00627, 0.06150, 105.21367, 105.27517, -0.00001, 0.59140, 0.32807
23/12/2022, 23:57:01, 2147483647, BTCUSDT, SELL, 0.00, 0.00627000, 16780.130, 0.00627000, 105.21142, Filled, , , -0.00627, 105.21142, , -0.00000, 105.27291, -0.00000, 105.27291, -0.00226, 0.58915, 0.32581, 16, 0.31045%, 0.56279%, 6

24/12/2022, 01:14:38, 2147483647, BTCUSDT, BUY , 0.00, 0.00626000, 16805.610, 0.00626000, 105.20312, Filled, , 0.00626, , , -105.20312, 0.00626, 0.06980, 105.20312, 105.27291, 0.00000, 0.58915, 0.00000
24/12/2022, 01:30:12, 2147483647, BTCUSDT, SELL, 0.00, 0.00625000, 16813.880, 0.00625000, 105.08675, Filled, , , -0.00625, 105.08675, , 0.00001, 105.15655, 0.16814, 105.32468, 0.05177, 0.64092, 0.05177, 1
24/12/2022, 02:37:49, 2147483647, BTCUSDT, BUY , 0.00, 0.00625000, 16817.390, 0.00625000, 105.10869, Filled, , 0.00625, , , -105.10869, 0.00626, 0.04786, 105.27686, 105.32472, 0.00004, 0.64095, 0.05181
24/12/2022, 02:43:13, 2147483647, BTCUSDT, SELL, 0.00, 0.00625000, 16818.333, 0.00625000, 105.11458, Filled, , , -0.00625, 105.11458, , 0.00001, 105.16244, 0.16818, 105.33062, 0.00590, 0.64685, 0.05771, 2
24/12/2022, 04:47:22, 2147483647, BTCUSDT, BUY , 0.00, 0.00624000, 16826.659, 0.00624000, 104.99835, Filled, , 0.00624, , , -104.99835, 0.00625, 0.16408, 105.16662, 105.33070, 0.00008, 0.64694, 0.05779
24/12/2022, 04:58:37, 2147483647, BTCUSDT, SELL, 0.00, 0.00625000, 16827.930, 0.00625000, 105.17456, Filled, , , -0.00625, 105.17456, , -0.00000, 105.33865, -0.00000, 105.33864, 0.00794, 0.65488, 0.06573, 3
24/12/2022, 05:37:14, 2147483647, BTCUSDT, BUY , 0.00, 0.00626000, 16810.920, 0.00626000, 105.23636, Filled, , 0.00626, , , -105.23636, 0.00626, 0.10229, 105.23636, 105.33864, -0.00000, 0.65488, 0.06573
24/12/2022, 05:42:53, 2147483647, BTCUSDT, SELL, 0.00, 0.00625000, 16818.630, 0.00625000, 105.11644, Filled, , , -0.00625, 105.11644, , 0.00001, 105.21872, 0.16819, 105.38691, 0.04826, 0.70314, 0.11400, 4
24/12/2022, 09:40:09, 2147483647, BTCUSDT, BUY , 0.00, 0.00624000, 16836.530, 0.00624000, 105.05995, Filled, , 0.00624, , , -105.05995, 0.00625, 0.15878, 105.22831, 105.38709, 0.00018, 0.70332, 0.11417
24/12/2022, 09:46:55, 2147483647, BTCUSDT, SELL, 0.00, 0.00625000, 16833.560, 0.00625000, 105.20975, Filled, , , -0.00625, 105.20975, , -0.00000, 105.36853, -0.00000, 105.36853, -0.01856, 0.68476, 0.09561, 5
24/12/2022, 10:47:53, 2147483647, BTCUSDT, BUY , 0.00, 0.00625000, 16831.310, 0.00625000, 105.19569, Filled, , 0.00625, , , -105.19569, 0.00625, 0.17284, 105.19569, 105.36853, 0.00000, 0.68476, 0.09561
24/12/2022, 11:10:03, 2147483647, BTCUSDT, SELL, 0.00, 0.00625000, 16828.526, 0.00625000, 105.17829, Filled, , , -0.00625, 105.17829, , -0.00000, 105.35113, -0.00000, 105.35113, -0.01740, 0.66736, 0.07822, 6
24/12/2022, 11:24:19, 2147483647, BTCUSDT, BUY , 0.00, 0.00625000, 16829.340, 0.00625000, 105.18337, Filled, , 0.00625, , , -105.18337, 0.00625, 0.16775, 105.18337, 105.35113, 0.00000, 0.66736, 0.07822
24/12/2022, 11:26:39, 2147483647, BTCUSDT, SELL, 0.00, 0.00624000, 16830.450, 0.00624000, 105.02201, Filled, , , -0.00624, 105.02201, , 0.00001, 105.18976, 0.16830, 105.35807, 0.00694, 0.67430, 0.08515, 7
24/12/2022, 12:04:16, 2147483647, BTCUSDT, BUY , 0.00, 0.00625000, 16824.610, 0.00625000, 105.15381, Filled, , 0.00625, , , -105.15381, 0.00626, 0.03595, 105.32206, 105.35801, -0.00006, 0.67424, 0.08509
24/12/2022, 12:13:10, 2147483647, BTCUSDT, SELL, 0.00, 0.00625000, 16831.300, 0.00625000, 105.19563, Filled, , , -0.00625, 105.19563, , 0.00001, 105.23158, 0.16831, 105.39989, 0.04188, 0.71612, 0.12698, 8
24/12/2022, 12:28:48, 2147483647, BTCUSDT, BUY , 0.00, 0.00625000, 16823.020, 0.00625000, 105.14387, Filled, , 0.00625, , , -105.14387, 0.00626, 0.08770, 105.31211, 105.39981, -0.00008, 0.71604, 0.12689
24/12/2022, 12:43:14, 2147483647, BTCUSDT, SELL, 0.00, 0.00626000, 16822.910, 0.00626000, 105.31142, Filled, , , -0.00626, 105.31142, , -0.00000, 105.39912, -0.00000, 105.39912, -0.00069, 0.71535, 0.12620, 9
24/12/2022, 13:01:01, 2147483647, BTCUSDT, BUY , 0.00, 0.00626000, 16823.542, 0.00626000, 105.31537, Filled, , 0.00626, , , -105.31537, 0.00626, 0.08375, 105.31537, 105.39912, 0.00000, 0.71535, 0.12620
24/12/2022, 13:18:46, 2147483647, BTCUSDT, SELL, 0.00, 0.00625000, 16826.790, 0.00625000, 105.16744, Filled, , , -0.00625, 105.16744, , 0.00001, 105.25118, 0.16827, 105.41945, 0.02033, 0.73568, 0.14654, 10
24/12/2022, 13:43:17, 2147483647, BTCUSDT, BUY , 0.00, 0.00625000, 16823.945, 0.00625000, 105.14966, Filled, , 0.00625, , , -105.14966, 0.00626, 0.10152, 105.31790, 105.41942, -0.00003, 0.73566, 0.14651
24/12/2022, 14:13:11, 2147483647, BTCUSDT, SELL, 0.00, 0.00626000, 16819.050, 0.00626000, 105.28725, Filled, , , -0.00626, 105.28725, , -0.00000, 105.38878, -0.00000, 105.38878, -0.03064, 0.70501, 0.11586, 11
24/12/2022, 16:58:22, 2147483647, BTCUSDT, BUY , 0.00, 0.00625000, 16837.256, 0.00625000, 105.23285, Filled, , 0.00625, , , -105.23285, 0.00625, 0.15593, 105.23285, 105.38878, 0.00000, 0.70501, 0.11586
24/12/2022, 17:00:43, 2147483647, BTCUSDT, SELL, 0.00, 0.00624000, 16837.838, 0.00624000, 105.06811, Filled, , , -0.00624, 105.06811, , 0.00001, 105.22404, 0.16838, 105.39241, 0.00364, 0.70865, 0.11950, 12
24/12/2022, 18:29:21, 2147483647, BTCUSDT, BUY , 0.00, 0.00624000, 16836.060, 0.00624000, 105.05701, Filled, , 0.00624, , , -105.05701, 0.00625, 0.16702, 105.22537, 105.39240, -0.00002, 0.70863, 0.11948
24/12/2022, 18:34:59, 2147483647, BTCUSDT, SELL, 0.00, 0.00625000, 16836.220, 0.00625000, 105.22638, Filled, , , -0.00625, 105.22638, , -0.00000, 105.39340, -0.00000, 105.39340, 0.00100, 0.70963, 0.12048, 13
24/12/2022, 20:04:53, 2147483647, BTCUSDT, BUY , 0.00, 0.00625000, 16842.440, 0.00625000, 105.26525, Filled, , 0.00625, , , -105.26525, 0.00625, 0.12815, 105.26525, 105.39340, 0.00000, 0.70963, 0.12048
24/12/2022, 20:27:06, 2147483647, BTCUSDT, SELL, 0.00, 0.00624000, 16840.470, 0.00624000, 105.08453, Filled, , , -0.00624, 105.08453, , 0.00001, 105.21268, 0.16840, 105.38108, -0.01231, 0.69732, 0.10817, 14
24/12/2022, 23:04:25, 2147483647, BTCUSDT, BUY , 0.00, 0.00625000, 16817.763, 0.00625000, 105.11102, Filled, , 0.00625, , , -105.11102, 0.00626, 0.10166, 105.27920, 105.38086, -0.00023, 0.69709, 0.10794
24/12/2022, 23:18:58, 2147483647, BTCUSDT, SELL, 0.00, 0.00625000, 16844.150, 0.00625000, 105.27594, Filled, , , -0.00625, 105.27594, , 0.00001, 105.37760, 0.16844, 105.54604, 0.16518, 0.86227, 0.27313, 15
24/12/2022, 23:35:27, 2147483647, BTCUSDT, BUY , 0.00, 0.00625000, 16838.770, 0.00625000, 105.24231, Filled, , 0.00625, , , -105.24231, 0.00626, 0.13529, 105.41070, 105.54599, -0.00005, 0.86222, 0.27307
24/12/2022, 23:41:08, 2147483647, BTCUSDT, SELL, 0.00, 0.00625000, 16846.790, 0.00625000, 105.29244, Filled, , , -0.00625, 105.29244, , 0.00001, 105.42772, 0.16847, 105.59619, 0.05020, 0.91242, 0.32328, 16, 0.30708%, 0.87160%, 7

